question,position,job_title,company,year,source,company_type,seniority,Subject,Model Answer,Hint Suggestion,Approach Suggestion
Can you explain what dynamic programming is?,Software Engineer,Software Engineer,"Accenture, Airbnb, Amazon, Amazon Web Services (AWS), Apple, Bloomberg LP, Chevron, Citadel, Delhivery, Deutsche Bank, Epic, FactSet, Goldman Sachs, Google, Intel, Intuit, LINE Technology, McKinsey & Company, Meta, Microsoft, Nagarro, NetSuite, Nordstrom, Oracle, TikTok , VMware, Yahoo, Zoho, eBay",2018,manual,industry,mid,DSA,"It is a data structure/algorithm used to organize and process data efficiently to reduce time complexity and improve performance.
Common operations include insert, delete, search and traversal.",Identify the main concept in: 'Can you explain what dynamic programming is?'. What problem does it solve?,"Answer in 3 parts: definition, working, and example."
Can you explain graph traversal?,Software Engineer,Software Engineer,"Airbnb, Amazon, Block, Intuit, TOAST",2022,manual,bigtech,mid,DSA,"It is a data structure/algorithm used to organize and process data efficiently to reduce time complexity and improve performance.
Common operations include insert, delete, search and traversal.",Identify the main concept in: 'Can you explain graph traversal?'. What problem does it solve?,"Answer in 3 parts: definition, working, and example."
Can you explain the process of implementing a graph?,Software Engineer,Software Engineer,Airbnb,2017,manual,bigtech,mid,Operating System,"It is a data structure/algorithm used to organize and process data efficiently to reduce time complexity and improve performance.
Common operations include insert, delete, search and traversal.",Identify the main concept in: 'Can you explain the process of implementing a graph?'. What problem does it solve?,"Answer in 3 parts: definition, working, and example."
"How would you convert a string like '[1,2,3,4,5]' to an average number in integer format?",ML & Data,Data Scientist,Airbnb,2023,manual,bigtech,mid,General CS,"Write a structured answer:
Definition → Working → Example → Use-case","Identify the main concept in: 'How would you convert a string like '[1,2,3,4,5]' to an average number in integer format?'. What problem does it solve?","Answer in 3 parts: definition, working, and example."
Can you explain how you would extend an input to autocomplete on change?,Frontend Developer,Front End Developer,Airbnb,2021,manual,bigtech,mid,General CS,"Write a structured answer:
Definition → Working → Example → Use-case",Identify the main concept in: 'Can you explain how you would extend an input to autocomplete on change?'. What problem does it solve?,"Answer in 3 parts: definition, working, and example."
How would you handle key navigation through the results?,Frontend Developer,Front End Developer,Airbnb,2021,manual,bigtech,mid,General CS,"Write a structured answer:
Definition → Working → Example → Use-case",Identify the main concept in: 'How would you handle key navigation through the results?'. What problem does it solve?,"Answer in 3 parts: definition, working, and example."
How would you store sudden-death tournament results in a compact format like a bit array?,Software Engineer,Software Engineer,Airbnb,2024,manual,bigtech,mid,DSA,"It is a data structure/algorithm used to organize and process data efficiently to reduce time complexity and improve performance.
Common operations include insert, delete, search and traversal.",Identify the main concept in: 'How would you store sudden-death tournament results in a compact format like a bit array?'. What problem does it solve?,"Answer in 3 parts: definition, working, and example."
Can you sort an array of integers in a way that all odd indexes are greater than the even indexes?,Software Engineer,Software Engineer New Grad,Airbnb,2017,manual,bigtech,junior,DSA,"It is a data structure/algorithm used to organize and process data efficiently to reduce time complexity and improve performance.
Common operations include insert, delete, search and traversal.",Identify the main concept in: 'Can you sort an array of integers in a way that all odd indexes are greater than the even indexes?'. What problem does it solve?,"Answer in 3 parts: definition, working, and example."
Can you explain your experience with array manipulation?,Software Engineer,Software Engineer,"Airbnb, Esri, JPMorgan Chase & Co., Lyft, Meta, Microsoft, PayPal, Tech Mahindra, Zoho",2023,manual,bigtech,mid,Computer Networks,"This is a networking concept enabling communication between computers over a network using standardized protocols.
It ensures reliable data transmission and addressing between devices.",Identify the main concept in: 'Can you explain your experience with array manipulation?'. What problem does it solve?,"Answer in 3 parts: definition, working, and example."
Have you practiced algorithm questions on platforms like LeetCode?,Software Engineer,Senior Software Engineer,Airbnb,2020,manual,bigtech,senior,General CS,"Write a structured answer:
Definition → Working → Example → Use-case",Identify the main concept in: 'Have you practiced algorithm questions on platforms like LeetCode?'. What problem does it solve?,"Answer in 3 parts: definition, working, and example."
How would you find all pairs of strings from a given list that can form a palindrome?,Software Engineer,Software Engineer,Airbnb,2015,manual,bigtech,mid,General CS,"Write a structured answer:
Definition → Working → Example → Use-case",Identify the main concept in: 'How would you find all pairs of strings from a given list that can form a palindrome?'. What problem does it solve?,"Answer in 3 parts: definition, working, and example."
What is your approach to solving technical problems?,Software Engineer,Software Engineering,"Airbnb, Grab",2015,manual,bigtech,mid,General CS,"Your approach to solving technical problems is a fundamental concept in computer science explaining how a component or system works.
Include definition, working and example for full marks.",Identify the main concept in: 'What is your approach to solving technical problems?'. What problem does it solve?,"Answer in 3 parts: definition, working, and example."
How would you check if two strings form a palindrome in concatenation in linear time?,Software Engineer,Software Developer,Airbnb,2015,manual,bigtech,mid,General CS,"Write a structured answer:
Definition → Working → Example → Use-case",Identify the main concept in: 'How would you check if two strings form a palindrome in concatenation in linear time?'. What problem does it solve?,"Answer in 3 parts: definition, working, and example."
"Implement a simple regex parser that can determine if a given string matches a specified pattern. The regex can only contain special characters: *, ., +. * means zero or more of previous character, . means any character, and + means one or more of previous character.",Software Engineer,Software Engineer,Airbnb,2013,manual,bigtech,mid,General CS,"Write a structured answer:
Definition → Working → Example → Use-case",Identify the main concept in: 'Implement a simple regex parser that can determine if a given string matches a specified pattern. The regex can only con'. What problem does it solve?,"Answer in 3 parts: definition, working, and example."
Can you explain a unique algorithm you have worked on?,Software Engineer,Software Engineering,Airbnb,2018,manual,bigtech,mid,General CS,"Write a structured answer:
Definition → Working → Example → Use-case",Identify the main concept in: 'Can you explain a unique algorithm you have worked on?'. What problem does it solve?,"Answer in 3 parts: definition, working, and example."
What is DFS and how does it relate to graph traversal?,Software Engineer,Software Engineering,Airbnb,2018,manual,bigtech,mid,DSA,"It is a data structure/algorithm used to organize and process data efficiently to reduce time complexity and improve performance.
Common operations include insert, delete, search and traversal.",Identify the main concept in: 'What is DFS and how does it relate to graph traversal?'. What problem does it solve?,"Answer in 3 parts: definition, working, and example."
Can you describe tree traversal and its importance in graph theory?,Software Engineer,Software Engineering,Airbnb,2018,manual,bigtech,mid,DSA,"It is a data structure/algorithm used to organize and process data efficiently to reduce time complexity and improve performance.
Common operations include insert, delete, search and traversal.",Identify the main concept in: 'Can you describe tree traversal and its importance in graph theory?'. What problem does it solve?,"Answer in 3 parts: definition, working, and example."
Have you encountered any challenges while working with graphs?,Software Engineer,Software Engineering,Airbnb,2018,manual,bigtech,mid,DSA,"It is a data structure/algorithm used to organize and process data efficiently to reduce time complexity and improve performance.
Common operations include insert, delete, search and traversal.",Identify the main concept in: 'Have you encountered any challenges while working with graphs?'. What problem does it solve?,"Answer in 3 parts: definition, working, and example."
What tables and indexes are required in a SQL database to manage chat threads?,Data Engineer,Software Data Engineer,Airbnb,2019,manual,bigtech,mid,DBMS,"A DBMS is software that manages databases and allows storing, retrieving, updating and securing data efficiently.
It ensures data integrity, security and concurrency control.
Examples: MySQL, PostgreSQL, Oracle.",Identify the main concept in: 'What tables and indexes are required in a SQL database to manage chat threads?'. What problem does it solve?,"Answer in 3 parts: definition, working, and example."
Can you explain how to count all ancestors in a directed graph in O(n) time and space?,Software Engineer,Software Engineer,Airbnb,2019,manual,bigtech,mid,DSA,"It is a data structure/algorithm used to organize and process data efficiently to reduce time complexity and improve performance.
Common operations include insert, delete, search and traversal.",Identify the main concept in: 'Can you explain how to count all ancestors in a directed graph in O(n) time and space?'. What problem does it solve?,"Answer in 3 parts: definition, working, and example."
Design a recommender system for Airbnb listings,ML & Data,"Data Scientist, Algorithms",Airbnb,2019,manual,bigtech,mid,General CS,"Write a structured answer:
Definition → Working → Example → Use-case",Identify the main concept in: 'Design a recommender system for Airbnb listings'. What problem does it solve?,"Answer in 3 parts: definition, working, and example."
Can you analyze A/B testing results?,ML & Data,Data Scientist,Airbnb,2019,manual,bigtech,mid,General CS,"Write a structured answer:
Definition → Working → Example → Use-case",Identify the main concept in: 'Can you analyze A/B testing results?'. What problem does it solve?,"Answer in 3 parts: definition, working, and example."
Can you write SQL to insert new date's data into a datestamp-partitioned table by using incremental data from other date partitions?,Data Engineer,Data Engineer,Airbnb,2021,manual,bigtech,mid,DBMS,"Write a structured answer:
Definition → Working → Example → Use-case",Identify the main concept in: 'Can you write SQL to insert new date's data into a datestamp-partitioned table by using incremental data from other date'. What problem does it solve?,"Answer in 3 parts: definition, working, and example."
Can you explain what a binary search tree is?,Systems Engineer,Systems Engineer,"Airbnb, Bloomberg LP, IBM , Infosys, Intel, Microsoft, Traveloka, eBay",2022,manual,bigtech,mid,DSA,"It is a data structure/algorithm used to organize and process data efficiently to reduce time complexity and improve performance.
Common operations include insert, delete, search and traversal.",Identify the main concept in: 'Can you explain what a binary search tree is?'. What problem does it solve?,"Answer in 3 parts: definition, working, and example."
Have you worked with logistic regression before?,ML & Data,Data Scientist,Airbnb,2019,manual,bigtech,mid,General CS,"Write a structured answer:
Definition → Working → Example → Use-case",Identify the main concept in: 'Have you worked with logistic regression before?'. What problem does it solve?,"Answer in 3 parts: definition, working, and example."
Can you explain how to display a list of records into pages?,Software Engineer,Software Engineer,Airbnb,2016,manual,bigtech,mid,General CS,"Write a structured answer:
Definition → Working → Example → Use-case",Identify the main concept in: 'Can you explain how to display a list of records into pages?'. What problem does it solve?,"Answer in 3 parts: definition, working, and example."
How would you implement a functionality to set and get values in an object?,Frontend Developer,"Software Engineer, Frontend",Airbnb,2016,manual,bigtech,mid,General CS,"Write a structured answer:
Definition → Working → Example → Use-case",Identify the main concept in: 'How would you implement a functionality to set and get values in an object?'. What problem does it solve?,"Answer in 3 parts: definition, working, and example."
Can you explain how you would use 'thing.set' and 'thing.get' methods in an object?,Frontend Developer,"Software Engineer, Frontend",Airbnb,2016,manual,bigtech,mid,General CS,"Write a structured answer:
Definition → Working → Example → Use-case",Identify the main concept in: 'Can you explain how you would use 'thing.set' and 'thing.get' methods in an object?'. What problem does it solve?,"Answer in 3 parts: definition, working, and example."
Can you explain a simple JavaScript concept?,Software Engineer,Software Engineer,Airbnb,2016,manual,bigtech,mid,Computer Networks,"This is a networking concept enabling communication between computers over a network using standardized protocols.
It ensures reliable data transmission and addressing between devices.",Identify the main concept in: 'Can you explain a simple JavaScript concept?'. What problem does it solve?,"Answer in 3 parts: definition, working, and example."
Can you explain how to iterate over a list in Java?,Software Engineer,Software Engineer,Airbnb,2019,manual,bigtech,mid,General CS,"Write a structured answer:
Definition → Working → Example → Use-case",Identify the main concept in: 'Can you explain how to iterate over a list in Java?'. What problem does it solve?,"Answer in 3 parts: definition, working, and example."
Can you explain how you approach solving combination problems?,Software Engineer,Software Engineer,Airbnb,2019,manual,bigtech,mid,General CS,"Write a structured answer:
Definition → Working → Example → Use-case",Identify the main concept in: 'Can you explain how you approach solving combination problems?'. What problem does it solve?,"Answer in 3 parts: definition, working, and example."
Can you explain the concept of logistic regression?,ML & Data,Data Science Consultant,"Airbnb, Delhivery, Quantiphi",2017,manual,bigtech,mid,General CS,"Write a structured answer:
Definition → Working → Example → Use-case",Identify the main concept in: 'Can you explain the concept of logistic regression?'. What problem does it solve?,"Answer in 3 parts: definition, working, and example."
Do you have experience compiling and running code?,Software Engineer,Software Development Engineer (SDE) Intern,Airbnb,2020,manual,bigtech,junior,General CS,"Write a structured answer:
Definition → Working → Example → Use-case",Identify the main concept in: 'Do you have experience compiling and running code?'. What problem does it solve?,"Answer in 3 parts: definition, working, and example."
Can you explain some data structures and arrays manipulation?,Software Engineer,Software Engineer,Airbnb,2017,manual,bigtech,mid,Computer Networks,"This is a networking concept enabling communication between computers over a network using standardized protocols.
It ensures reliable data transmission and addressing between devices.",Identify the main concept in: 'Can you explain some data structures and arrays manipulation?'. What problem does it solve?,"Answer in 3 parts: definition, working, and example."
Can you check if a word is a Palindrome?,Software Engineer,Software Engineer,Airbnb,2017,manual,bigtech,mid,General CS,"Write a structured answer:
Definition → Working → Example → Use-case",Identify the main concept in: 'Can you check if a word is a Palindrome?'. What problem does it solve?,"Answer in 3 parts: definition, working, and example."
"Can you find all pairs of words in a list that, when concatenated, form a palindrome?",Software Engineer,Software Engineer,Airbnb,2017,manual,bigtech,mid,General CS,"Write a structured answer:
Definition → Working → Example → Use-case","Identify the main concept in: 'Can you find all pairs of words in a list that, when concatenated, form a palindrome?'. What problem does it solve?","Answer in 3 parts: definition, working, and example."
Can you explain how to paginate through a list of entries?,Software Engineer,Software Engineer(Internship),Airbnb,2017,manual,bigtech,junior,General CS,"Write a structured answer:
Definition → Working → Example → Use-case",Identify the main concept in: 'Can you explain how to paginate through a list of entries?'. What problem does it solve?,"Answer in 3 parts: definition, working, and example."
Can you explain what asynchronous JavaScript programming is?,Software Engineer,Software Engineer,Airbnb,2018,manual,bigtech,mid,Computer Networks,"This is a networking concept enabling communication between computers over a network using standardized protocols.
It ensures reliable data transmission and addressing between devices.",Identify the main concept in: 'Can you explain what asynchronous JavaScript programming is?'. What problem does it solve?,"Answer in 3 parts: definition, working, and example."
Can you explain recursion and dynamic programming?,Software Engineer,Software Engineer,"Airbnb, Apple",2015,manual,bigtech,mid,DSA,"It is a data structure/algorithm used to organize and process data efficiently to reduce time complexity and improve performance.
Common operations include insert, delete, search and traversal.",Identify the main concept in: 'Can you explain recursion and dynamic programming?'. What problem does it solve?,"Answer in 3 parts: definition, working, and example."
How do you consider data structures in solving algorithm problems?,Software Engineer,Software Engineer,Airbnb,2015,manual,bigtech,mid,General CS,"Write a structured answer:
Definition → Working → Example → Use-case",Identify the main concept in: 'How do you consider data structures in solving algorithm problems?'. What problem does it solve?,"Answer in 3 parts: definition, working, and example."
How important is run time performance when implementing algorithms?,Software Engineer,Software Engineer,Airbnb,2015,manual,bigtech,mid,General CS,"Write a structured answer:
Definition → Working → Example → Use-case",Identify the main concept in: 'How important is run time performance when implementing algorithms?'. What problem does it solve?,"Answer in 3 parts: definition, working, and example."
Can you discuss your experience with manipulating the DOM and styling with JavaScript?,Software Engineer,Software Engineer,Airbnb,2015,manual,bigtech,mid,Computer Networks,"This is a networking concept enabling communication between computers over a network using standardized protocols.
It ensures reliable data transmission and addressing between devices.",Identify the main concept in: 'Can you discuss your experience with manipulating the DOM and styling with JavaScript?'. What problem does it solve?,"Answer in 3 parts: definition, working, and example."
Could you demonstrate your coding skills with live coding of a runnable code?,Software Engineer,Software Engineer,Airbnb,2015,manual,bigtech,mid,General CS,"Write a structured answer:
Definition → Working → Example → Use-case",Identify the main concept in: 'Could you demonstrate your coding skills with live coding of a runnable code?'. What problem does it solve?,"Answer in 3 parts: definition, working, and example."
Can you discuss classic data structures and algorithms?,Software Engineer,Software Engineer,Airbnb,2018,manual,bigtech,mid,General CS,"Write a structured answer:
Definition → Working → Example → Use-case",Identify the main concept in: 'Can you discuss classic data structures and algorithms?'. What problem does it solve?,"Answer in 3 parts: definition, working, and example."
Design an iterator class to iterate over a list of lists.,Software Engineer,Software Engineer,Airbnb,2016,manual,bigtech,mid,General CS,"Write a structured answer:
Definition → Working → Example → Use-case",Identify the main concept in: 'Design an iterator class to iterate over a list of lists.'. What problem does it solve?,"Answer in 3 parts: definition, working, and example."
Can you explain how you would optimize a rounding allocator?,Software Engineer,SWE,Airbnb,2019,manual,bigtech,mid,General CS,"Write a structured answer:
Definition → Working → Example → Use-case",Identify the main concept in: 'Can you explain how you would optimize a rounding allocator?'. What problem does it solve?,"Answer in 3 parts: definition, working, and example."
Explain the has_next() function,Full Stack Developer,Full Stack Software Engineer,Airbnb,2015,manual,bigtech,mid,General CS,"Write a structured answer:
Definition → Working → Example → Use-case",Identify the main concept in: 'Explain the has_next() function'. What problem does it solve?,"Answer in 3 parts: definition, working, and example."
What does the remove() function do?,Full Stack Developer,Full Stack Software Engineer,Airbnb,2015,manual,bigtech,mid,General CS,"Write a structured answer:
Definition → Working → Example → Use-case",Identify the main concept in: 'What does the remove() function do?'. What problem does it solve?,"Answer in 3 parts: definition, working, and example."
Can you explain a challenging coding problem you have encountered?,Software Engineer,Software Engineer,Airbnb,2014,manual,bigtech,mid,General CS,"Write a structured answer:
Definition → Working → Example → Use-case",Identify the main concept in: 'Can you explain a challenging coding problem you have encountered?'. What problem does it solve?,"Answer in 3 parts: definition, working, and example."
Can you parse an escaped string into CSV format?,Software Engineer,Software Engineer,Airbnb,2014,manual,bigtech,mid,General CS,"Write a structured answer:
Definition → Working → Example → Use-case",Identify the main concept in: 'Can you parse an escaped string into CSV format?'. What problem does it solve?,"Answer in 3 parts: definition, working, and example."
Can you explain the Alien Dictionary problem from LeetCode?,Software Engineer,Software Engineer,Airbnb,2020,manual,bigtech,mid,General CS,"Write a structured answer:
Definition → Working → Example → Use-case",Identify the main concept in: 'Can you explain the Alien Dictionary problem from LeetCode?'. What problem does it solve?,"Answer in 3 parts: definition, working, and example."
Can you explain object-oriented concepts in Java?,Software Engineer,Associate Software Developer,"Airbnb, Ericsson, Tata Consultancy Services",2023,manual,bigtech,junior,General CS,"Write a structured answer:
Definition → Working → Example → Use-case",Identify the main concept in: 'Can you explain object-oriented concepts in Java?'. What problem does it solve?,"Answer in 3 parts: definition, working, and example."
How would you find the shortest flight path between two cities?,Software Engineer,Software Engineer(Internship),Airbnb,2019,manual,bigtech,junior,General CS,"Write a structured answer:
Definition → Working → Example → Use-case",Identify the main concept in: 'How would you find the shortest flight path between two cities?'. What problem does it solve?,"Answer in 3 parts: definition, working, and example."
Can you find palindrome pairs in a list of strings?,Software Engineer,Software Engineer,Airbnb,2017,manual,bigtech,mid,General CS,"Write a structured answer:
Definition → Working → Example → Use-case",Identify the main concept in: 'Can you find palindrome pairs in a list of strings?'. What problem does it solve?,"Answer in 3 parts: definition, working, and example."
Can you describe a time when you had to solve an algorithmic question that involved data parsing?,Software Engineer,SWE,Airbnb,2017,manual,bigtech,mid,General CS,"Write a structured answer:
Definition → Working → Example → Use-case",Identify the main concept in: 'Can you describe a time when you had to solve an algorithmic question that involved data parsing?'. What problem does it solve?,"Answer in 3 parts: definition, working, and example."
Can you explain your knowledge of File Systems?,Software Engineer,Software Engineer(Internship),Airbnb,2019,manual,bigtech,junior,General CS,"Write a structured answer:
Definition → Working → Example → Use-case",Identify the main concept in: 'Can you explain your knowledge of File Systems?'. What problem does it solve?,"Answer in 3 parts: definition, working, and example."
Can you provide all combinations of menu items that satisfy a given budget?,Software Engineer,Senior Software Engineer,Airbnb,2017,manual,bigtech,senior,General CS,"Write a structured answer:
Definition → Working → Example → Use-case",Identify the main concept in: 'Can you provide all combinations of menu items that satisfy a given budget?'. What problem does it solve?,"Answer in 3 parts: definition, working, and example."
Can you implement a Queue class from scratch with an existing bug that limits it to 5 elements?,Software Engineer,Senior Software Engineer,Airbnb,2017,manual,bigtech,senior,DSA,"It is a data structure/algorithm used to organize and process data efficiently to reduce time complexity and improve performance.
Common operations include insert, delete, search and traversal.",Identify the main concept in: 'Can you implement a Queue class from scratch with an existing bug that limits it to 5 elements?'. What problem does it solve?,"Answer in 3 parts: definition, working, and example."
What is the time complexity of the code?,Software Engineer,Software Engineer New Grad,"Airbnb, Google",2021,manual,bigtech,junior,General CS,"The time complexity of the code is a fundamental concept in computer science explaining how a component or system works.
Include definition, working and example for full marks.",Identify the main concept in: 'What is the time complexity of the code?'. What problem does it solve?,"Answer in 3 parts: definition, working, and example."
Can you explain your understanding of algorithms and data structures?,Software Engineer,Software Engineer,"Airbnb, Google, Indeed, Microsoft",2015,manual,bigtech,mid,General CS,"Write a structured answer:
Definition → Working → Example → Use-case",Identify the main concept in: 'Can you explain your understanding of algorithms and data structures?'. What problem does it solve?,"Answer in 3 parts: definition, working, and example."
Can you explain how to parse a CSV file?,Backend Developer,Software Engineer (Backend),Airbnb,2015,manual,bigtech,mid,General CS,"Write a structured answer:
Definition → Working → Example → Use-case",Identify the main concept in: 'Can you explain how to parse a CSV file?'. What problem does it solve?,"Answer in 3 parts: definition, working, and example."
Could you design a rental room inventory management system?,Software Engineer,Software Engineer,Airbnb,2024,manual,bigtech,mid,General CS,"Write a structured answer:
Definition → Working → Example → Use-case",Identify the main concept in: 'Could you design a rental room inventory management system?'. What problem does it solve?,"Answer in 3 parts: definition, working, and example."
What Leetcode Hard graph/tree problems have you worked on?,Software Engineer,Software Engineer,Airbnb,2019,manual,bigtech,mid,DSA,"It is a data structure/algorithm used to organize and process data efficiently to reduce time complexity and improve performance.
Common operations include insert, delete, search and traversal.",Identify the main concept in: 'What Leetcode Hard graph/tree problems have you worked on?'. What problem does it solve?,"Answer in 3 parts: definition, working, and example."
Can you explain your approach to solving system design questions?,Software Engineer,Software Engineer,Airbnb,2019,manual,bigtech,mid,General CS,"Write a structured answer:
Definition → Working → Example → Use-case",Identify the main concept in: 'Can you explain your approach to solving system design questions?'. What problem does it solve?,"Answer in 3 parts: definition, working, and example."
How would you extend an input to autocomplete on change?,Frontend Developer,Front End Engineer,Airbnb,2016,manual,bigtech,mid,General CS,"Write a structured answer:
Definition → Working → Example → Use-case",Identify the main concept in: 'How would you extend an input to autocomplete on change?'. What problem does it solve?,"Answer in 3 parts: definition, working, and example."
Can you discuss your knowledge about distributed systems?,Software Engineer,Software Engineer,Airbnb,2016,manual,bigtech,mid,General CS,"Write a structured answer:
Definition → Working → Example → Use-case",Identify the main concept in: 'Can you discuss your knowledge about distributed systems?'. What problem does it solve?,"Answer in 3 parts: definition, working, and example."
Can you explain how Palindrome Pairs work?,Software Engineer,Software Engineering,Airbnb,2016,manual,bigtech,mid,General CS,"Write a structured answer:
Definition → Working → Example → Use-case",Identify the main concept in: 'Can you explain how Palindrome Pairs work?'. What problem does it solve?,"Answer in 3 parts: definition, working, and example."
How would you approach text justification?,Software Engineer,Software Engineering,Airbnb,2016,manual,bigtech,mid,General CS,"Write a structured answer:
Definition → Working → Example → Use-case",Identify the main concept in: 'How would you approach text justification?'. What problem does it solve?,"Answer in 3 parts: definition, working, and example."
Can you write a program to check if a given string is a palindrome?,Software Engineer,Software Engineer,Airbnb,2016,manual,bigtech,mid,General CS,"Write a structured answer:
Definition → Working → Example → Use-case",Identify the main concept in: 'Can you write a program to check if a given string is a palindrome?'. What problem does it solve?,"Answer in 3 parts: definition, working, and example."
How would you make the code reusable for multiple star widgets?,Frontend Developer,Front End Engineer,Airbnb,2016,manual,bigtech,mid,Computer Networks,"This is a networking concept enabling communication between computers over a network using standardized protocols.
It ensures reliable data transmission and addressing between devices.",Identify the main concept in: 'How would you make the code reusable for multiple star widgets?'. What problem does it solve?,"Answer in 3 parts: definition, working, and example."
Can you explain how to create an iterator for a nested list class?,Software Engineer,Software Engineering,Airbnb,2016,manual,bigtech,mid,General CS,"Write a structured answer:
Definition → Working → Example → Use-case",Identify the main concept in: 'Can you explain how to create an iterator for a nested list class?'. What problem does it solve?,"Answer in 3 parts: definition, working, and example."
Can you discuss your experience with data warehouse modeling?,Data Engineer,Data Engineer,Airbnb,2015,manual,bigtech,mid,General CS,"Write a structured answer:
Definition → Working → Example → Use-case",Identify the main concept in: 'Can you discuss your experience with data warehouse modeling?'. What problem does it solve?,"Answer in 3 parts: definition, working, and example."
Have you worked with SQL and MapReduce before?,Data Engineer,Data Engineer,Airbnb,2015,manual,bigtech,mid,DBMS,"Write a structured answer:
Definition → Working → Example → Use-case",Identify the main concept in: 'Have you worked with SQL and MapReduce before?'. What problem does it solve?,"Answer in 3 parts: definition, working, and example."
"Can you explain SQL concepts such as joins, aggregates, sub queries, and windowing?",Data Engineer,Data Engineer,Airbnb,2015,manual,bigtech,mid,DBMS,"Write a structured answer:
Definition → Working → Example → Use-case","Identify the main concept in: 'Can you explain SQL concepts such as joins, aggregates, sub queries, and windowing?'. What problem does it solve?","Answer in 3 parts: definition, working, and example."
Can you describe what occurs when a URL is entered into a web browser?,Software Engineer,Software Engineer,Airbnb,2012,manual,bigtech,mid,General CS,"Write a structured answer:
Definition → Working → Example → Use-case",Identify the main concept in: 'Can you describe what occurs when a URL is entered into a web browser?'. What problem does it solve?,"Answer in 3 parts: definition, working, and example."
Can you design a key-value store?,Software Engineer,Software Engineer,Airbnb,2018,manual,bigtech,mid,General CS,"Write a structured answer:
Definition → Working → Example → Use-case",Identify the main concept in: 'Can you design a key-value store?'. What problem does it solve?,"Answer in 3 parts: definition, working, and example."
Can you explain how to flatten a list?,Software Engineer,Software Engineer,Airbnb,2018,manual,bigtech,mid,General CS,"Write a structured answer:
Definition → Working → Example → Use-case",Identify the main concept in: 'Can you explain how to flatten a list?'. What problem does it solve?,"Answer in 3 parts: definition, working, and example."
"Given a Menu with Items and Item Prices and a totalCost, can you find all combinations that add up to a certain price?",Software Engineer,Software Engineer,Airbnb,2018,manual,bigtech,mid,General CS,"Write a structured answer:
Definition → Working → Example → Use-case","Identify the main concept in: 'Given a Menu with Items and Item Prices and a totalCost, can you find all combinations that add up to a certain price?'. What problem does it solve?","Answer in 3 parts: definition, working, and example."
How would you design a metric for customer service calls?,ML & Data,Data Scientist,Airbnb,2019,manual,bigtech,mid,General CS,"Write a structured answer:
Definition → Working → Example → Use-case",Identify the main concept in: 'How would you design a metric for customer service calls?'. What problem does it solve?,"Answer in 3 parts: definition, working, and example."
What is your experience with low-level design?,Software Engineer,Senior Software Engineer,Airbnb,2022,manual,bigtech,senior,General CS,"Your experience with low-level design is a fundamental concept in computer science explaining how a component or system works.
Include definition, working and example for full marks.",Identify the main concept in: 'What is your experience with low-level design?'. What problem does it solve?,"Answer in 3 parts: definition, working, and example."
Can you explain the architecture of a mock chat app?,Frontend Developer,Front End Engineer,Airbnb,2022,manual,bigtech,mid,General CS,"Write a structured answer:
Definition → Working → Example → Use-case",Identify the main concept in: 'Can you explain the architecture of a mock chat app?'. What problem does it solve?,"Answer in 3 parts: definition, working, and example."
Can you develop a user interface for a simple card game?,Frontend Developer,Front End Engineer,Airbnb,2022,manual,bigtech,mid,General CS,"Write a structured answer:
Definition → Working → Example → Use-case",Identify the main concept in: 'Can you develop a user interface for a simple card game?'. What problem does it solve?,"Answer in 3 parts: definition, working, and example."
Can you build a simple React component?,Frontend Developer,Front End Engineer,Airbnb,2022,manual,bigtech,mid,General CS,"Write a structured answer:
Definition → Working → Example → Use-case",Identify the main concept in: 'Can you build a simple React component?'. What problem does it solve?,"Answer in 3 parts: definition, working, and example."
Can you explain how you would determine if a string has balanced brackets?,Software Engineer,Software Engineer(Internship),Airbnb,2019,manual,bigtech,junior,General CS,"Write a structured answer:
Definition → Working → Example → Use-case",Identify the main concept in: 'Can you explain how you would determine if a string has balanced brackets?'. What problem does it solve?,"Answer in 3 parts: definition, working, and example."
Can you implement a Java class with multiple APIs to solve a practical problem?,Backend Developer,Software Engineer (Backend),Airbnb,2016,manual,bigtech,mid,Computer Networks,"This is a networking concept enabling communication between computers over a network using standardized protocols.
It ensures reliable data transmission and addressing between devices.",Identify the main concept in: 'Can you implement a Java class with multiple APIs to solve a practical problem?'. What problem does it solve?,"Answer in 3 parts: definition, working, and example."
What programming languages are you comfortable using?,Software Engineer,Software Engineer,Airbnb,2019,manual,bigtech,mid,General CS,"Write a structured answer:
Definition → Working → Example → Use-case",Identify the main concept in: 'What programming languages are you comfortable using?'. What problem does it solve?,"Answer in 3 parts: definition, working, and example."
Can you explain your experience with graphs and sorting/searching algorithms?,Software Engineer,Software Engineer New Grad,Airbnb,2018,manual,,,DSA,"It is a data structure/algorithm used to organize and process data efficiently to reduce time complexity and improve performance.
Common operations include insert, delete, search and traversal.",Identify the main concept in: 'Can you explain your experience with graphs and sorting/searching algorithms?'. What problem does it solve?,"Answer in 3 parts: definition, working, and example."
Can you explain how you would paginate a list of CSV strings based on certain conditions?,Software Engineer,Software Engineer,Airbnb,2018,manual,bigtech,mid,General CS,"Write a structured answer:
Definition → Working → Example → Use-case",Identify the main concept in: 'Can you explain how you would paginate a list of CSV strings based on certain conditions?'. What problem does it solve?,"Answer in 3 parts: definition, working, and example."
Can you write a program to print out palindromes?,Software Engineer,Software Engineer New Grad,Airbnb,2016,manual,bigtech,junior,General CS,"Write a structured answer:
Definition → Working → Example → Use-case",Identify the main concept in: 'Can you write a program to print out palindromes?'. What problem does it solve?,"Answer in 3 parts: definition, working, and example."
Can you explain how you would approach the problem of making change using coins priced in floats and a target sum?,Software Engineer,Software Engineer,Airbnb,2017,manual,bigtech,mid,General CS,"Write a structured answer:
Definition → Working → Example → Use-case",Identify the main concept in: 'Can you explain how you would approach the problem of making change using coins priced in floats and a target sum?'. What problem does it solve?,"Answer in 3 parts: definition, working, and example."
"Given an array of float prices, how would you round each price so that the total sum of the prices stays as close as possible to the previous sum while converting the prices to round numbers?",Software Engineer,Software Engineer,Airbnb,2017,manual,bigtech,mid,DSA,"It is a data structure/algorithm used to organize and process data efficiently to reduce time complexity and improve performance.
Common operations include insert, delete, search and traversal.","Identify the main concept in: 'Given an array of float prices, how would you round each price so that the total sum of the prices stays as close as pos'. What problem does it solve?","Answer in 3 parts: definition, working, and example."
Can you create a search feature based on a given endpoint?,Software Engineer,Software Engineer,Airbnb,2016,manual,bigtech,mid,General CS,"Write a structured answer:
Definition → Working → Example → Use-case",Identify the main concept in: 'Can you create a search feature based on a given endpoint?'. What problem does it solve?,"Answer in 3 parts: definition, working, and example."
Have you used dynamic programming in your previous work?,Software Engineer,2022 Software Engineer,"Airbnb, BlackRock",2021,manual,bigtech,mid,DSA,"It is a data structure/algorithm used to organize and process data efficiently to reduce time complexity and improve performance.
Common operations include insert, delete, search and traversal.",Identify the main concept in: 'Have you used dynamic programming in your previous work?'. What problem does it solve?,"Answer in 3 parts: definition, working, and example."
How do you approach reducing time complexity in your code?,Software Engineer,2022 Software Engineer,Airbnb,2021,manual,bigtech,mid,General CS,"Write a structured answer:
Definition → Working → Example → Use-case",Identify the main concept in: 'How do you approach reducing time complexity in your code?'. What problem does it solve?,"Answer in 3 parts: definition, working, and example."
Can you explain your experience with LeetCode algorithm questions?,Software Engineer,Associate Software Engineer,"Agoda, Airbnb",2024,manual,industry,junior,General CS,"Write a structured answer:
Definition → Working → Example → Use-case",Identify the main concept in: 'Can you explain your experience with LeetCode algorithm questions?'. What problem does it solve?,"Answer in 3 parts: definition, working, and example."
Can you explain how you would approach parsing a CSV file?,Software Engineer,Software Engineering,Airbnb,2016,manual,bigtech,mid,General CS,"Write a structured answer:
Definition → Working → Example → Use-case",Identify the main concept in: 'Can you explain how you would approach parsing a CSV file?'. What problem does it solve?,"Answer in 3 parts: definition, working, and example."
Can you explain your experience with dynamic programming and recursion?,Software Engineer,Software Engineer,Airbnb,2016,manual,bigtech,mid,DSA,"It is a data structure/algorithm used to organize and process data efficiently to reduce time complexity and improve performance.
Common operations include insert, delete, search and traversal.",Identify the main concept in: 'Can you explain your experience with dynamic programming and recursion?'. What problem does it solve?,"Answer in 3 parts: definition, working, and example."
Can you explain how IP filtering works and how it can be checked using bit manipulation?,Software Engineer,Software Engineer,Airbnb,2016,manual,bigtech,mid,Computer Networks,"This is a networking concept enabling communication between computers over a network using standardized protocols.
It ensures reliable data transmission and addressing between devices.",Identify the main concept in: 'Can you explain how IP filtering works and how it can be checked using bit manipulation?'. What problem does it solve?,"Answer in 3 parts: definition, working, and example."
Can you create a JavaScript class that is capable of storing a data object?,Software Engineer,Senior Software Engineer,Airbnb,2024,manual,bigtech,senior,Computer Networks,"This is a networking concept enabling communication between computers over a network using standardized protocols.
It ensures reliable data transmission and addressing between devices.",Identify the main concept in: 'Can you create a JavaScript class that is capable of storing a data object?'. What problem does it solve?,"Answer in 3 parts: definition, working, and example."
What is the significance of knowing the big-O time complexity in this problem?,Software Engineer,Software Engineer,Airbnb,2024,manual,bigtech,mid,General CS,"The significance of knowing the big-o time complexity in this problem is a fundamental concept in computer science explaining how a component or system works.
Include definition, working and example for full marks.",Identify the main concept in: 'What is the significance of knowing the big-O time complexity in this problem?'. What problem does it solve?,"Answer in 3 parts: definition, working, and example."
Can you implement a 2D iterator?,Software Engineer,Software Engineer,Airbnb,2017,manual,bigtech,mid,General CS,"Write a structured answer:
Definition → Working → Example → Use-case",Identify the main concept in: 'Can you implement a 2D iterator?'. What problem does it solve?,"Answer in 3 parts: definition, working, and example."
Can you explain Depth-First Search and Breadth-First Search algorithms?,Software Engineer,Software Engineer,Airbnb,2019,manual,bigtech,mid,General CS,"Write a structured answer:
Definition → Working → Example → Use-case",Identify the main concept in: 'Can you explain Depth-First Search and Breadth-First Search algorithms?'. What problem does it solve?,"Answer in 3 parts: definition, working, and example."
Can you write an iterator for a variable size 2D array?,Software Engineer,Software Engineer(Internship),Airbnb,2019,manual,bigtech,junior,DSA,"It is a data structure/algorithm used to organize and process data efficiently to reduce time complexity and improve performance.
Common operations include insert, delete, search and traversal.",Identify the main concept in: 'Can you write an iterator for a variable size 2D array?'. What problem does it solve?,"Answer in 3 parts: definition, working, and example."
How would you figure out a way to sort listings on Airbnb's site with constraints?,Software Engineer,Software Engineer(Internship),Airbnb,2017,manual,bigtech,junior,General CS,"Write a structured answer:
Definition → Working → Example → Use-case",Identify the main concept in: 'How would you figure out a way to sort listings on Airbnb's site with constraints?'. What problem does it solve?,"Answer in 3 parts: definition, working, and example."
Can you explain how you would approach pagination through unique entries in a programming project?,Software Engineer,Software Engineer(Internship),Airbnb,2017,manual,bigtech,junior,General CS,"Write a structured answer:
Definition → Working → Example → Use-case",Identify the main concept in: 'Can you explain how you would approach pagination through unique entries in a programming project?'. What problem does it solve?,"Answer in 3 parts: definition, working, and example."
Can you explain how you would paginate a list of house listings passed in as an array?,Software Engineer,Software Engineering,Airbnb,2017,manual,bigtech,mid,DSA,"It is a data structure/algorithm used to organize and process data efficiently to reduce time complexity and improve performance.
Common operations include insert, delete, search and traversal.",Identify the main concept in: 'Can you explain how you would paginate a list of house listings passed in as an array?'. What problem does it solve?,"Answer in 3 parts: definition, working, and example."
What steps would you take to turn an unsorted list of house listings into a series of pages in order of listing scores?,Software Engineer,Software Engineering,Airbnb,2017,manual,bigtech,mid,General CS,"Write a structured answer:
Definition → Working → Example → Use-case",Identify the main concept in: 'What steps would you take to turn an unsorted list of house listings into a series of pages in order of listing scores?'. What problem does it solve?,"Answer in 3 parts: definition, working, and example."
Can you explain how you would approach a string search problem in a coding interview?,Software Engineer,Senior Software Engineer,Airbnb,2022,manual,bigtech,senior,General CS,"Write a structured answer:
Definition → Working → Example → Use-case",Identify the main concept in: 'Can you explain how you would approach a string search problem in a coding interview?'. What problem does it solve?,"Answer in 3 parts: definition, working, and example."
What are some general data structures and algorithm problems you have experience with?,Software Engineer,Senior Software Engineer,Airbnb,2022,manual,bigtech,senior,General CS,"Write a structured answer:
Definition → Working → Example → Use-case",Identify the main concept in: 'What are some general data structures and algorithm problems you have experience with?'. What problem does it solve?,"Answer in 3 parts: definition, working, and example."
Can you discuss a system design problem related to Airbnb?,Software Engineer,Senior Software Engineer,Airbnb,2022,manual,bigtech,senior,General CS,"Write a structured answer:
Definition → Working → Example → Use-case",Identify the main concept in: 'Can you discuss a system design problem related to Airbnb?'. What problem does it solve?,"Answer in 3 parts: definition, working, and example."
Can you explain how to determine if two words form a palindrome pair?,Software Engineer,Software Engineer(Internship),Airbnb,2017,manual,,,General CS,"Write a structured answer:
Definition → Working → Example → Use-case",Identify the main concept in: 'Can you explain how to determine if two words form a palindrome pair?'. What problem does it solve?,"Answer in 3 parts: definition, working, and example."
Can you solve a problem using Dynamic Programming?,Software Engineer,Senior Software Engineer,Airbnb,2018,manual,bigtech,senior,DSA,"It is a data structure/algorithm used to organize and process data efficiently to reduce time complexity and improve performance.
Common operations include insert, delete, search and traversal.",Identify the main concept in: 'Can you solve a problem using Dynamic Programming?'. What problem does it solve?,"Answer in 3 parts: definition, working, and example."
Can you create an iterator from a list of lists?,Software Engineer,Software Engineer,Airbnb,2018,manual,bigtech,mid,General CS,"Write a structured answer:
Definition → Working → Example → Use-case",Identify the main concept in: 'Can you create an iterator from a list of lists?'. What problem does it solve?,"Answer in 3 parts: definition, working, and example."
"Can you write a method that prints an array in spiral order, starting at the top left?",Software Engineer,Software Engineer Intern,Airbnb,2013,manual,bigtech,junior,DSA,"It is a data structure/algorithm used to organize and process data efficiently to reduce time complexity and improve performance.
Common operations include insert, delete, search and traversal.","Identify the main concept in: 'Can you write a method that prints an array in spiral order, starting at the top left?'. What problem does it solve?","Answer in 3 parts: definition, working, and example."
Can you implement an iterator class for traversing and removing elements in a list of arrays?,Software Engineer,Software Engineer,Airbnb,2017,manual,bigtech,mid,DSA,"It is a data structure/algorithm used to organize and process data efficiently to reduce time complexity and improve performance.
Common operations include insert, delete, search and traversal.",Identify the main concept in: 'Can you implement an iterator class for traversing and removing elements in a list of arrays?'. What problem does it solve?,"Answer in 3 parts: definition, working, and example."
Implement a queue in code,Software Engineer,Software Engineer New Grad,Airbnb,2016,manual,bigtech,junior,DSA,"It is a data structure/algorithm used to organize and process data efficiently to reduce time complexity and improve performance.
Common operations include insert, delete, search and traversal.",Identify the main concept in: 'Implement a queue in code'. What problem does it solve?,"Answer in 3 parts: definition, working, and example."
How do you use group by in SQL?,Data Engineer,Data Engineer,Airbnb,2019,manual,bigtech,mid,DBMS,"Write a structured answer:
Definition → Working → Example → Use-case",Identify the main concept in: 'How do you use group by in SQL?'. What problem does it solve?,"Answer in 3 parts: definition, working, and example."
How can you use joins in SQL?,Data Engineer,Data Engineer,Airbnb,2019,manual,bigtech,mid,DBMS,"Write a structured answer:
Definition → Working → Example → Use-case",Identify the main concept in: 'How can you use joins in SQL?'. What problem does it solve?,"Answer in 3 parts: definition, working, and example."
Can you explain how to traverse a tree?,Software Engineer,Software Engineer,"Airbnb, Akamai Technologies, Google, Palantir, Wipro ",2024,manual,bigtech,mid,DSA,"It is a data structure/algorithm used to organize and process data efficiently to reduce time complexity and improve performance.
Common operations include insert, delete, search and traversal.",Identify the main concept in: 'Can you explain how to traverse a tree?'. What problem does it solve?,"Answer in 3 parts: definition, working, and example."
"Can you explain your experience with arrays, sorting, and binary search?",Software Engineer,Software Engineer(Internship),Airbnb,2021,manual,bigtech,junior,DSA,"It is a data structure/algorithm used to organize and process data efficiently to reduce time complexity and improve performance.
Common operations include insert, delete, search and traversal.","Identify the main concept in: 'Can you explain your experience with arrays, sorting, and binary search?'. What problem does it solve?","Answer in 3 parts: definition, working, and example."
Can you explain the algorithm for determining the win of a particular board game?,Software Engineer,Software Engineer(Internship),Airbnb,2018,manual,bigtech,junior,General CS,"Write a structured answer:
Definition → Working → Example → Use-case",Identify the main concept in: 'Can you explain the algorithm for determining the win of a particular board game?'. What problem does it solve?,"Answer in 3 parts: definition, working, and example."
Can you design a key-value pair caching storage?,Software Engineer,Software Engineer,Airbnb,2018,manual,bigtech,mid,General CS,"Write a structured answer:
Definition → Working → Example → Use-case",Identify the main concept in: 'Can you design a key-value pair caching storage?'. What problem does it solve?,"Answer in 3 parts: definition, working, and example."
How comfortable do you feel with coding in front of an interviewer?,Software Engineer,Software Engineer,Airbnb,2016,manual,,,General CS,"Write a structured answer:
Definition → Working → Example → Use-case",Identify the main concept in: 'How comfortable do you feel with coding in front of an interviewer?'. What problem does it solve?,"Answer in 3 parts: definition, working, and example."
Can you explain your understanding of the Alien Dictionary problem?,Software Engineer,Software Engineer,Airbnb,2015,manual,bigtech,mid,General CS,"Write a structured answer:
Definition → Working → Example → Use-case",Identify the main concept in: 'Can you explain your understanding of the Alien Dictionary problem?'. What problem does it solve?,"Answer in 3 parts: definition, working, and example."
Can you provide an algorithm to determine when everyone is available based on their calendars?,Software Engineer,Software Engineer New Grad,Airbnb,2015,manual,bigtech,junior,General CS,"Write a structured answer:
Definition → Working → Example → Use-case",Identify the main concept in: 'Can you provide an algorithm to determine when everyone is available based on their calendars?'. What problem does it solve?,"Answer in 3 parts: definition, working, and example."
Can you analyze the results of an A/B test?,ML & Data,Data Science,Airbnb,2015,manual,bigtech,mid,General CS,"Write a structured answer:
Definition → Working → Example → Use-case",Identify the main concept in: 'Can you analyze the results of an A/B test?'. What problem does it solve?,"Answer in 3 parts: definition, working, and example."
Can you implement a circular buffer using an array?,Software Engineer,Software Engineer,Airbnb,2015,manual,bigtech,mid,DSA,"It is a data structure/algorithm used to organize and process data efficiently to reduce time complexity and improve performance.
Common operations include insert, delete, search and traversal.",Identify the main concept in: 'Can you implement a circular buffer using an array?'. What problem does it solve?,"Answer in 3 parts: definition, working, and example."
"Can you explain the usage of ArrayLists, HashMap, and Iterator?",Software Engineer,Software Engineer New Grad,Airbnb,2016,manual,bigtech,junior,DSA,"It is a data structure/algorithm used to organize and process data efficiently to reduce time complexity and improve performance.
Common operations include insert, delete, search and traversal.","Identify the main concept in: 'Can you explain the usage of ArrayLists, HashMap, and Iterator?'. What problem does it solve?","Answer in 3 parts: definition, working, and example."
Can you create a function to check palindromes for lists of strings?,Software Engineer,Software Engineer New Grad,Airbnb,2016,manual,bigtech,junior,General CS,"Write a structured answer:
Definition → Working → Example → Use-case",Identify the main concept in: 'Can you create a function to check palindromes for lists of strings?'. What problem does it solve?,"Answer in 3 parts: definition, working, and example."
Can you implement a hash function for checking palindromes instead of using brute force?,Software Engineer,Software Engineer New Grad,Airbnb,2016,manual,bigtech,junior,DSA,"It is a data structure/algorithm used to organize and process data efficiently to reduce time complexity and improve performance.
Common operations include insert, delete, search and traversal.",Identify the main concept in: 'Can you implement a hash function for checking palindromes instead of using brute force?'. What problem does it solve?,"Answer in 3 parts: definition, working, and example."
Can you implement an iterator for a vector?,Software Engineer,Software Engineer New Grad,Airbnb,2016,manual,bigtech,junior,General CS,"Write a structured answer:
Definition → Working → Example → Use-case",Identify the main concept in: 'Can you implement an iterator for a vector?'. What problem does it solve?,"Answer in 3 parts: definition, working, and example."
Can you explain how text justification works?,Software Engineer,Software Engineer New Grad,Airbnb,2016,manual,bigtech,junior,General CS,"Write a structured answer:
Definition → Working → Example → Use-case",Identify the main concept in: 'Can you explain how text justification works?'. What problem does it solve?,"Answer in 3 parts: definition, working, and example."
Explain how to maximize the number of days of occupancy while leaving at least 1 day gap in between bookings for cleaning.,Software Engineer,Software Engineer,Airbnb,2014,manual,bigtech,mid,General CS,"Write a structured answer:
Definition → Working → Example → Use-case",Identify the main concept in: 'Explain how to maximize the number of days of occupancy while leaving at least 1 day gap in between bookings for cleanin'. What problem does it solve?,"Answer in 3 parts: definition, working, and example."
Give an example of how the problem reduces to finding the max-sum of non-consecutive array elements.,Software Engineer,Software Engineer,Airbnb,2014,manual,bigtech,mid,DSA,"It is a data structure/algorithm used to organize and process data efficiently to reduce time complexity and improve performance.
Common operations include insert, delete, search and traversal.",Identify the main concept in: 'Give an example of how the problem reduces to finding the max-sum of non-consecutive array elements.'. What problem does it solve?,"Answer in 3 parts: definition, working, and example."
Can you explain code review processes?,Software Engineer,Senior Software Engineer,Airbnb,2024,manual,bigtech,senior,Operating System,"Write a structured answer:
Definition → Working → Example → Use-case",Identify the main concept in: 'Can you explain code review processes?'. What problem does it solve?,"Answer in 3 parts: definition, working, and example."
Provide examples of general problem-solving using data structures.,Software Engineer,Senior Software Engineer,Airbnb,2024,manual,bigtech,senior,General CS,"Write a structured answer:
Definition → Working → Example → Use-case",Identify the main concept in: 'Provide examples of general problem-solving using data structures.'. What problem does it solve?,"Answer in 3 parts: definition, working, and example."
Explain how you have used SQL in problem-solving scenarios.,Software Engineer,Senior Software Engineer,Airbnb,2024,manual,bigtech,senior,DBMS,"Write a structured answer:
Definition → Working → Example → Use-case",Identify the main concept in: 'Explain how you have used SQL in problem-solving scenarios.'. What problem does it solve?,"Answer in 3 parts: definition, working, and example."
What SQL columns should you index and how would you change the indexing in different lookup scenarios?,Software Engineer,Software Engineer,Airbnb,2014,manual,,,DBMS,"Write a structured answer:
Definition → Working → Example → Use-case",Identify the main concept in: 'What SQL columns should you index and how would you change the indexing in different lookup scenarios?'. What problem does it solve?,"Answer in 3 parts: definition, working, and example."
Can you explain the logic behind Binary Search?,Software Engineer,Software Engineer(Internship),Airbnb,2021,manual,bigtech,junior,General CS,"Write a structured answer:
Definition → Working → Example → Use-case",Identify the main concept in: 'Can you explain the logic behind Binary Search?'. What problem does it solve?,"Answer in 3 parts: definition, working, and example."
Are you familiar with algorithms and have experience applying them in your work?,Software Engineer,Software Engineer,Airbnb,2021,manual,bigtech,mid,General CS,"Write a structured answer:
Definition → Working → Example → Use-case",Identify the main concept in: 'Are you familiar with algorithms and have experience applying them in your work?'. What problem does it solve?,"Answer in 3 parts: definition, working, and example."
Have you had experience identifying and fixing bugs in software applications?,Software Engineer,Software Engineer,Airbnb,2021,manual,bigtech,mid,General CS,"Write a structured answer:
Definition → Working → Example → Use-case",Identify the main concept in: 'Have you had experience identifying and fixing bugs in software applications?'. What problem does it solve?,"Answer in 3 parts: definition, working, and example."
Can you give an example of a Leetcode Medium question you found challenging?,Software Engineer,Software Engineer Intern,Airbnb,2021,manual,bigtech,junior,General CS,"Write a structured answer:
Definition → Working → Example → Use-case",Identify the main concept in: 'Can you give an example of a Leetcode Medium question you found challenging?'. What problem does it solve?,"Answer in 3 parts: definition, working, and example."
Can you explain how to build a queue using limited length of list?,Software Engineer,Software Engineer,Airbnb,2017,manual,,,DSA,"It is a data structure/algorithm used to organize and process data efficiently to reduce time complexity and improve performance.
Common operations include insert, delete, search and traversal.",Identify the main concept in: 'Can you explain how to build a queue using limited length of list?'. What problem does it solve?,"Answer in 3 parts: definition, working, and example."
How would you split up a list of hosts into pages for a search result?,Software Engineer,Software Engineer(Internship),Airbnb,2017,manual,,,General CS,"Write a structured answer:
Definition → Working → Example → Use-case",Identify the main concept in: 'How would you split up a list of hosts into pages for a search result?'. What problem does it solve?,"Answer in 3 parts: definition, working, and example."
Can you reorder an array of strings based on specific tokens?,Software Engineer,SWE,Airbnb,2017,manual,,,DSA,"It is a data structure/algorithm used to organize and process data efficiently to reduce time complexity and improve performance.
Common operations include insert, delete, search and traversal.",Identify the main concept in: 'Can you reorder an array of strings based on specific tokens?'. What problem does it solve?,"Answer in 3 parts: definition, working, and example."
Can you code a basic HTML/CSS/JS component on CoderPad?,Frontend Developer,Front End Engineer,Airbnb,2017,manual,,,General CS,"Write a structured answer:
Definition → Working → Example → Use-case",Identify the main concept in: 'Can you code a basic HTML/CSS/JS component on CoderPad?'. What problem does it solve?,"Answer in 3 parts: definition, working, and example."
Write a function to find the median of an unsorted array of integers without indexing into it or sorting it.,Software Engineer,Software Engineer(Internship),Airbnb,2017,manual,,,DSA,"It is a data structure/algorithm used to organize and process data efficiently to reduce time complexity and improve performance.
Common operations include insert, delete, search and traversal.",Identify the main concept in: 'Write a function to find the median of an unsorted array of integers without indexing into it or sorting it.'. What problem does it solve?,"Answer in 3 parts: definition, working, and example."
How would you design a class for handling financial transactions?,Software Engineer,Software Engineer,Airbnb,2017,manual,,,DBMS,"Write a structured answer:
Definition → Working → Example → Use-case",Identify the main concept in: 'How would you design a class for handling financial transactions?'. What problem does it solve?,"Answer in 3 parts: definition, working, and example."
Can you explain what graph search is?,Software Engineer,Software Engineer(Internship),Airbnb,2017,manual,,,DSA,"It is a data structure/algorithm used to organize and process data efficiently to reduce time complexity and improve performance.
Common operations include insert, delete, search and traversal.",Identify the main concept in: 'Can you explain what graph search is?'. What problem does it solve?,"Answer in 3 parts: definition, working, and example."
"Were you asked to implement next(), hasNext(), and remove() methods for the iterator?",Software Engineer,Software Engineering,Airbnb,2017,manual,bigtech,mid,General CS,"Write a structured answer:
Definition → Working → Example → Use-case","Identify the main concept in: 'Were you asked to implement next(), hasNext(), and remove() methods for the iterator?'. What problem does it solve?","Answer in 3 parts: definition, working, and example."
Can you write code to execute KNN?,ML & Data,data science internship,Airbnb,2020,manual,bigtech,junior,General CS,"Write a structured answer:
Definition → Working → Example → Use-case",Identify the main concept in: 'Can you write code to execute KNN?'. What problem does it solve?,"Answer in 3 parts: definition, working, and example."
How do you create a collectionView within the cells of a tableView programmatically?,iOS Developer,IOS Engineer,Airbnb,2016,manual,bigtech,mid,General CS,"Write a structured answer:
Definition → Working → Example → Use-case",Identify the main concept in: 'How do you create a collectionView within the cells of a tableView programmatically?'. What problem does it solve?,"Answer in 3 parts: definition, working, and example."
Can you provide an example of a string manipulation task you have worked on?,Software Engineer,Software Engineer New Grad,Airbnb,2015,manual,bigtech,junior,Computer Networks,"This is a networking concept enabling communication between computers over a network using standardized protocols.
It ensures reliable data transmission and addressing between devices.",Identify the main concept in: 'Can you provide an example of a string manipulation task you have worked on?'. What problem does it solve?,"Answer in 3 parts: definition, working, and example."
Are you experienced with string manipulation?,Software Engineer,Software Engineer,Airbnb,2015,manual,bigtech,mid,Computer Networks,"This is a networking concept enabling communication between computers over a network using standardized protocols.
It ensures reliable data transmission and addressing between devices.",Identify the main concept in: 'Are you experienced with string manipulation?'. What problem does it solve?,"Answer in 3 parts: definition, working, and example."
What is the most efficient way to identify the character that is out of place in a non-palindrome?,Software Engineer,Software Engineer,Airbnb,2015,manual,bigtech,mid,General CS,"The most efficient way to identify the character that is out of place in a non-palindrome is a fundamental concept in computer science explaining how a component or system works.
Include definition, working and example for full marks.",Identify the main concept in: 'What is the most efficient way to identify the character that is out of place in a non-palindrome?'. What problem does it solve?,"Answer in 3 parts: definition, working, and example."
How would you sort search results on a page based on a certain set of criteria?,Software Engineer,Software Engineer,Airbnb,2015,manual,bigtech,mid,General CS,"Write a structured answer:
Definition → Working → Example → Use-case",Identify the main concept in: 'How would you sort search results on a page based on a certain set of criteria?'. What problem does it solve?,"Answer in 3 parts: definition, working, and example."
Can you explain how recursion works in coding?,Software Engineer,Software Developer,Airbnb,2017,manual,bigtech,mid,DSA,"It is a data structure/algorithm used to organize and process data efficiently to reduce time complexity and improve performance.
Common operations include insert, delete, search and traversal.",Identify the main concept in: 'Can you explain how recursion works in coding?'. What problem does it solve?,"Answer in 3 parts: definition, working, and example."
Can you determine whether a word is a palindrome?,Software Engineer,Software Engineer,Airbnb,2024,manual,,,General CS,"Write a structured answer:
Definition → Working → Example → Use-case",Identify the main concept in: 'Can you determine whether a word is a palindrome?'. What problem does it solve?,"Answer in 3 parts: definition, working, and example."
How would you find palindrome pairs within a set of words?,Software Engineer,Software Engineer,Airbnb,2024,manual,,,General CS,"Write a structured answer:
Definition → Working → Example → Use-case",Identify the main concept in: 'How would you find palindrome pairs within a set of words?'. What problem does it solve?,"Answer in 3 parts: definition, working, and example."
"How familiar are you with Excel sheets, including pivot tables and look ups?",Systems Analyst,Business Systems Analyst,Airbnb,2017,manual,bigtech,mid,General CS,"Write a structured answer:
Definition → Working → Example → Use-case","Identify the main concept in: 'How familiar are you with Excel sheets, including pivot tables and look ups?'. What problem does it solve?","Answer in 3 parts: definition, working, and example."
Write a method to return the smallest region that includes two given inputs.,Software Engineer,Software Engineer,Airbnb,2019,manual,,,General CS,"Write a structured answer:
Definition → Working → Example → Use-case",Identify the main concept in: 'Write a method to return the smallest region that includes two given inputs.'. What problem does it solve?,"Answer in 3 parts: definition, working, and example."
Can you explain a method that gives all permutations of a string?,Software Engineer,Software Engineer,Airbnb,2016,manual,,,General CS,"Write a structured answer:
Definition → Working → Example → Use-case",Identify the main concept in: 'Can you explain a method that gives all permutations of a string?'. What problem does it solve?,"Answer in 3 parts: definition, working, and example."
Can you describe any experience you have with general algorithmic questions involving number sequences?,Software Engineer,Software Engineer,Airbnb,2016,manual,,,General CS,"Write a structured answer:
Definition → Working → Example → Use-case",Identify the main concept in: 'Can you describe any experience you have with general algorithmic questions involving number sequences?'. What problem does it solve?,"Answer in 3 parts: definition, working, and example."
Can you explain how a matrix iterator works?,Software Engineer,Software Engineer,Airbnb,2017,manual,bigtech,mid,General CS,"Write a structured answer:
Definition → Working → Example → Use-case",Identify the main concept in: 'Can you explain how a matrix iterator works?'. What problem does it solve?,"Answer in 3 parts: definition, working, and example."
"Given a list of host IDs, how would you put them in pages of size 12 and ensure there are no duplicates as much as possible?",Software Engineer,Software Engineer,Airbnb,2017,manual,bigtech,mid,General CS,"Write a structured answer:
Definition → Working → Example → Use-case","Identify the main concept in: 'Given a list of host IDs, how would you put them in pages of size 12 and ensure there are no duplicates as much as possi'. What problem does it solve?","Answer in 3 parts: definition, working, and example."
What types of graphs have you worked with in the past?,Software Engineer,Software Development Engineer,Airbnb,2022,manual,bigtech,mid,DSA,"It is a data structure/algorithm used to organize and process data efficiently to reduce time complexity and improve performance.
Common operations include insert, delete, search and traversal.",Identify the main concept in: 'What types of graphs have you worked with in the past?'. What problem does it solve?,"Answer in 3 parts: definition, working, and example."
Can you solve a Leetcode problem at a medium difficulty level?,Software Engineer,Software Engineer,Airbnb,2024,manual,bigtech,mid,General CS,"Write a structured answer:
Definition → Working → Example → Use-case",Identify the main concept in: 'Can you solve a Leetcode problem at a medium difficulty level?'. What problem does it solve?,"Answer in 3 parts: definition, working, and example."
What is the concept of distributed counters in system design?,Software Engineer,Staff Software Engineer,Airbnb,2024,manual,bigtech,senior,General CS,"The concept of distributed counters in system design is a fundamental concept in computer science explaining how a component or system works.
Include definition, working and example for full marks.",Identify the main concept in: 'What is the concept of distributed counters in system design?'. What problem does it solve?,"Answer in 3 parts: definition, working, and example."
Can you explain the concept of the longest common subsequence?,Software Engineer,Software Engineer(Internship),Airbnb,2017,manual,bigtech,junior,General CS,"Write a structured answer:
Definition → Working → Example → Use-case",Identify the main concept in: 'Can you explain the concept of the longest common subsequence?'. What problem does it solve?,"Answer in 3 parts: definition, working, and example."
What was involved in the supply/demand balancing for a PaaS company?,ML & Data,Data Scientist,Airbnb,2018,manual,bigtech,mid,General CS,"Write a structured answer:
Definition → Working → Example → Use-case",Identify the main concept in: 'What was involved in the supply/demand balancing for a PaaS company?'. What problem does it solve?,"Answer in 3 parts: definition, working, and example."
How did you handle the various segmentations on a lot of data columns?,ML & Data,Data Scientist,Airbnb,2018,manual,bigtech,mid,Operating System,"Write a structured answer:
Definition → Working → Example → Use-case",Identify the main concept in: 'How did you handle the various segmentations on a lot of data columns?'. What problem does it solve?,"Answer in 3 parts: definition, working, and example."
Can you provide an example of a tree related coding problem you have solved?,Software Engineer,Software Engineer,Airbnb,2017,manual,,,DSA,"It is a data structure/algorithm used to organize and process data efficiently to reduce time complexity and improve performance.
Common operations include insert, delete, search and traversal.",Identify the main concept in: 'Can you provide an example of a tree related coding problem you have solved?'. What problem does it solve?,"Answer in 3 parts: definition, working, and example."
Are you familiar with Leetcode medium/hard type questions?,Software Engineer,Software Engineer(Internship),Airbnb,2019,manual,,,General CS,"Write a structured answer:
Definition → Working → Example → Use-case",Identify the main concept in: 'Are you familiar with Leetcode medium/hard type questions?'. What problem does it solve?,"Answer in 3 parts: definition, working, and example."
How would you utilize a hashmap to map a string name to a list of preferences in order to match events?,Software Engineer,Software Engineer(Internship),Airbnb,2019,manual,,,DSA,"It is a data structure/algorithm used to organize and process data efficiently to reduce time complexity and improve performance.
Common operations include insert, delete, search and traversal.",Identify the main concept in: 'How would you utilize a hashmap to map a string name to a list of preferences in order to match events?'. What problem does it solve?,"Answer in 3 parts: definition, working, and example."
How would you impute missing information?,ML & Data,Data Scientist,Airbnb,2014,manual,bigtech,mid,General CS,"Write a structured answer:
Definition → Working → Example → Use-case",Identify the main concept in: 'How would you impute missing information?'. What problem does it solve?,"Answer in 3 parts: definition, working, and example."
Can you explain how to find all pairs of words that form a palindrome when concatenated?,Software Engineer,Software Engineer,Airbnb,2024,manual,bigtech,mid,General CS,"Write a structured answer:
Definition → Working → Example → Use-case",Identify the main concept in: 'Can you explain how to find all pairs of words that form a palindrome when concatenated?'. What problem does it solve?,"Answer in 3 parts: definition, working, and example."
"Given a list of words, return the pairs of words that when concatenated form a palindrome in linear time.",Software Engineer,Software Intern,Airbnb,2015,manual,,,General CS,"Write a structured answer:
Definition → Working → Example → Use-case","Identify the main concept in: 'Given a list of words, return the pairs of words that when concatenated form a palindrome in linear time.'. What problem does it solve?","Answer in 3 parts: definition, working, and example."
Implement an iterator class to allow traversing and removing elements in an array of arrays,Full Stack Developer,Full Stack Software Engineer,Airbnb,2015,manual,bigtech,mid,DSA,"It is a data structure/algorithm used to organize and process data efficiently to reduce time complexity and improve performance.
Common operations include insert, delete, search and traversal.",Identify the main concept in: 'Implement an iterator class to allow traversing and removing elements in an array of arrays'. What problem does it solve?,"Answer in 3 parts: definition, working, and example."
"Given a list of words, can you find the word pairs that, when concatenated, form a palindrome?",Software Engineer,Software Engineer,Airbnb,2016,manual,bigtech,mid,General CS,"Write a structured answer:
Definition → Working → Example → Use-case","Identify the main concept in: 'Given a list of words, can you find the word pairs that, when concatenated, form a palindrome?'. What problem does it solve?","Answer in 3 parts: definition, working, and example."
Can you check if two strings are palindromes?,Software Engineer,Software Engineer New Grad,"Airbnb, Microsoft",2016,manual,bigtech,junior,General CS,"Write a structured answer:
Definition → Working → Example → Use-case",Identify the main concept in: 'Can you check if two strings are palindromes?'. What problem does it solve?,"Answer in 3 parts: definition, working, and example."
What technical skills do you possess that are relevant to this role?,Software Engineer,Software Engineer,"Accenture, Airbnb, Amazon, Axon, Bloomberg LP, Canonical, Capgemini, Capital One, Cybage , Databricks, DoorDash, Goldman Sachs, Google, HCLTech, HERE Technologies, HubSpot, IBM , IQVIA, Infogain, Intuit, LinkedIn, MathWorks, MetLife, Meta, Microsoft, Oracle, PALO IT, Palantir, Paycom, Rohde & Schwarz, Siemens, SoFi, Sopra Steria, TEKsystems, Tata Consultancy Services, Tech Mahindra, The New York Times, Twilio, UST, Uber, Verisk",2017,manual,industry,mid,General CS,"Write a structured answer:
Definition → Working → Example → Use-case",Identify the main concept in: 'What technical skills do you possess that are relevant to this role?'. What problem does it solve?,"Answer in 3 parts: definition, working, and example."
Can you explain your experience with algorithms?,Software Engineer,Software Development Engineer,"Adobe, Airbnb, Amdocs, Audible, Bloomberg LP, Cisco, Cloudflare, Continental, Coupang, EPAM Systems , Feedzai, Genesys, Goldman Sachs, Google, HCLTech, JPMorgan Chase & Co., Meta, Microsoft, NCR Corporation, Nutanix, Okta, Inc., Oracle, PayPal, Plaid, Poshmark, SAP, Splunk, Tata Consultancy Services, The Trade Desk, Thumbtack, TikTok , Uber, Zynga",2019,manual,bigtech,mid,General CS,"Write a structured answer:
Definition → Working → Example → Use-case",Identify the main concept in: 'Can you explain your experience with algorithms?'. What problem does it solve?,"Answer in 3 parts: definition, working, and example."
"Can you explain your experience with sorting lists, trees, and different algorithms?",Software Engineer,Software Engineer,Airbnb,2019,manual,bigtech,mid,DSA,"It is a data structure/algorithm used to organize and process data efficiently to reduce time complexity and improve performance.
Common operations include insert, delete, search and traversal.","Identify the main concept in: 'Can you explain your experience with sorting lists, trees, and different algorithms?'. What problem does it solve?","Answer in 3 parts: definition, working, and example."
How would you store predicted match results in a bit array?,Software Engineer,Software Engineer,Airbnb,2024,manual,bigtech,mid,DSA,"It is a data structure/algorithm used to organize and process data efficiently to reduce time complexity and improve performance.
Common operations include insert, delete, search and traversal.",Identify the main concept in: 'How would you store predicted match results in a bit array?'. What problem does it solve?,"Answer in 3 parts: definition, working, and example."
"Find all pairs of strings in a list that, when concatenated, form a palindrome.",Software Engineer,Senior Software Engineer,Airbnb,2019,manual,bigtech,senior,General CS,"Write a structured answer:
Definition → Working → Example → Use-case","Identify the main concept in: 'Find all pairs of strings in a list that, when concatenated, form a palindrome.'. What problem does it solve?","Answer in 3 parts: definition, working, and example."
Can you discuss any challenging LeetCode questions you have encountered?,Software Engineer,Senior Software Engineer,Airbnb,2022,manual,bigtech,senior,General CS,"Write a structured answer:
Definition → Working → Example → Use-case",Identify the main concept in: 'Can you discuss any challenging LeetCode questions you have encountered?'. What problem does it solve?,"Answer in 3 parts: definition, working, and example."
Can you explain how you would find all words from a dictionary that are x edit distance away?,Software Engineer,Software Engineer,Airbnb,2024,manual,bigtech,mid,General CS,"Write a structured answer:
Definition → Working → Example → Use-case",Identify the main concept in: 'Can you explain how you would find all words from a dictionary that are x edit distance away?'. What problem does it solve?,"Answer in 3 parts: definition, working, and example."
Can you explain how to represent a graph using a file path-like structure?,Software Engineer,Software Engineer,Airbnb,2017,manual,bigtech,mid,DSA,"It is a data structure/algorithm used to organize and process data efficiently to reduce time complexity and improve performance.
Common operations include insert, delete, search and traversal.",Identify the main concept in: 'Can you explain how to represent a graph using a file path-like structure?'. What problem does it solve?,"Answer in 3 parts: definition, working, and example."
"Write a function that will reorder the list so that a host shows up at most once on a page if possible, but otherwise preserves the ordering.",Software Engineer,Software Engineer,Airbnb,2018,manual,bigtech,mid,General CS,"Write a structured answer:
Definition → Working → Example → Use-case","Identify the main concept in: 'Write a function that will reorder the list so that a host shows up at most once on a page if possible, but otherwise pr'. What problem does it solve?","Answer in 3 parts: definition, working, and example."
Can you provide an example of when you designed an A/B test to gain more clarity on a certain issue?,ML & Data,Senior Data Scientist,Airbnb,2018,manual,bigtech,senior,General CS,"Write a structured answer:
Definition → Working → Example → Use-case",Identify the main concept in: 'Can you provide an example of when you designed an A/B test to gain more clarity on a certain issue?'. What problem does it solve?,"Answer in 3 parts: definition, working, and example."
Can you explain how you would sort a CSV array by one property and ensure another property is not repeated?,Software Engineer,Software Development,Airbnb,2016,manual,bigtech,mid,DSA,"It is a data structure/algorithm used to organize and process data efficiently to reduce time complexity and improve performance.
Common operations include insert, delete, search and traversal.",Identify the main concept in: 'Can you explain how you would sort a CSV array by one property and ensure another property is not repeated?'. What problem does it solve?,"Answer in 3 parts: definition, working, and example."
"Can you demonstrate how you would paginate an array with constraints, such as skipping certain items?",Software Engineer,Software Engineer,Airbnb,2016,manual,bigtech,mid,Computer Networks,"This is a networking concept enabling communication between computers over a network using standardized protocols.
It ensures reliable data transmission and addressing between devices.","Identify the main concept in: 'Can you demonstrate how you would paginate an array with constraints, such as skipping certain items?'. What problem does it solve?","Answer in 3 parts: definition, working, and example."
Do you have knowledge of SQL?,QA/Testing,Software Test Engineer,"Accenture, Airbnb, Akamai Technologies, Cerner Corporation, Cognizant, Ernst & Young (EY), HCLTech, IBM , Infosys, LTIMindtree, NTT , Remitly, S&P Global, SAP, Tata Consultancy Services, Tech Mahindra, Texas Instruments, Titansoft , Walmart Global Tech, Wayfair",2019,manual,industry,mid,DBMS,"Write a structured answer:
Definition → Working → Example → Use-case",Identify the main concept in: 'Do you have knowledge of SQL?'. What problem does it solve?,"Answer in 3 parts: definition, working, and example."
Can you explain how you would find all the words in a matrix that are present in a given dictionary?,Software Engineer,Software Engineer,Airbnb,2018,manual,bigtech,mid,General CS,"Write a structured answer:
Definition → Working → Example → Use-case",Identify the main concept in: 'Can you explain how you would find all the words in a matrix that are present in a given dictionary?'. What problem does it solve?,"Answer in 3 parts: definition, working, and example."
"Have you ever had to choose a programming language for a project? If so, how did you make that decision?",Software Engineer,Software Engineer(Internship),Airbnb,2017,manual,bigtech,junior,General CS,"Write a structured answer:
Definition → Working → Example → Use-case","Identify the main concept in: 'Have you ever had to choose a programming language for a project? If so, how did you make that decision?'. What problem does it solve?","Answer in 3 parts: definition, working, and example."
Can you implement an iterator for an array of arrays including handling empty arrays?,Software Engineer,Software Engineering,Airbnb,2017,manual,bigtech,mid,DSA,"It is a data structure/algorithm used to organize and process data efficiently to reduce time complexity and improve performance.
Common operations include insert, delete, search and traversal.",Identify the main concept in: 'Can you implement an iterator for an array of arrays including handling empty arrays?'. What problem does it solve?,"Answer in 3 parts: definition, working, and example."
Can you write an iterator for a 2-D int array that traverses it from left to right and top to bottom?,Backend Developer,Software Engineer (Backend),Airbnb,2015,manual,bigtech,mid,DSA,"It is a data structure/algorithm used to organize and process data efficiently to reduce time complexity and improve performance.
Common operations include insert, delete, search and traversal.",Identify the main concept in: 'Can you write an iterator for a 2-D int array that traverses it from left to right and top to bottom?'. What problem does it solve?,"Answer in 3 parts: definition, working, and example."
Can you return all palindrome pairs from an array of strings?,Software Engineer,Software Engineering,Airbnb,2015,manual,bigtech,mid,DSA,"It is a data structure/algorithm used to organize and process data efficiently to reduce time complexity and improve performance.
Common operations include insert, delete, search and traversal.",Identify the main concept in: 'Can you return all palindrome pairs from an array of strings?'. What problem does it solve?,"Answer in 3 parts: definition, working, and example."
Can you build a simple app that hits an API and displays the results?,iOS Developer,IOS Engineer,Airbnb,2024,manual,bigtech,mid,General CS,"Write a structured answer:
Definition → Working → Example → Use-case",Identify the main concept in: 'Can you build a simple app that hits an API and displays the results?'. What problem does it solve?,"Answer in 3 parts: definition, working, and example."
Design and implement an algorithm to find out the maximum number of nights you can accommodate as a host on Airbnb.com based on the given set of positive integers representing number of nights user requests.,Software Engineer,Software Engineer,Airbnb,2015,manual,bigtech,mid,Computer Networks,"Write a structured answer:
Definition → Working → Example → Use-case",Identify the main concept in: 'Design and implement an algorithm to find out the maximum number of nights you can accommodate as a host on Airbnb.com b'. What problem does it solve?,"Answer in 3 parts: definition, working, and example."
"Given a set of numbers in an array which represent number of consecutive days of AirBnB reservation requested, as a host, pick the sequence which maximizes the number of days of occupancy, at the same time, leaving atleast 1 day gap in between bookings for cleaning. Problem reduces to finding max-sum of non-consecutive array elements. // [5, 1, 1, 5] => 10 The above array would represent an example booking period as follows - // Dec 1 - 5 // Dec 5 - 6 // Dec 6 - 7 // Dec 7 - 12 The answer would be to pick dec 1-5 (5 days) and then pick dec 7-12 for a total of 10 days of occupancy, at the same time, leaving atleast 1 day gap for cleaning between reservations. Similarly, // [3, 6, 4] => 7 // [4, 10, 3, 1, 5] => 15",Software Engineer,Software Engineer,Airbnb,2015,manual,bigtech,mid,DSA,"It is a data structure/algorithm used to organize and process data efficiently to reduce time complexity and improve performance.
Common operations include insert, delete, search and traversal.","Identify the main concept in: 'Given a set of numbers in an array which represent number of consecutive days of AirBnB reservation requested, as a host'. What problem does it solve?","Answer in 3 parts: definition, working, and example."
Discuss your experience with design patterns in problem-solving.,Software Engineer,Senior Software Engineer,Airbnb,2024,manual,bigtech,senior,General CS,"Write a structured answer:
Definition → Working → Example → Use-case",Identify the main concept in: 'Discuss your experience with design patterns in problem-solving.'. What problem does it solve?,"Answer in 3 parts: definition, working, and example."
