question,position,jobTitle,company,year,Subject,Model Answer,Hint Suggestion,Approach Suggestion
Explain how you would implement logging and monitoring in a cloud-based application to quickly identify and resolve issues during peak usage times.,Software Engineer,Software Engineer,Intuit,2024,General CS,"Write a structured answer:
Definition → Working → Example → Use-case",Identify the main concept in: 'Explain how you would implement logging and monitoring in a cloud-based application to quickly identify and resolve issu'. What problem does it solve?,"Answer in 3 parts: definition, working, and example."
What best practices would you suggest for ensuring compliance with financial regulations while developing software solutions?,Software Engineer,Software Engineer,Intuit,2024,General CS,"Write a structured answer:
Definition → Working → Example → Use-case",Identify the main concept in: 'What best practices would you suggest for ensuring compliance with financial regulations while developing software solut'. What problem does it solve?,"Answer in 3 parts: definition, working, and example."
"In designing a new feature for QuickBooks, how would you handle versioning of APIs, especially for backward compatibility?",Software Engineer,Software Engineer,Intuit,2024,General CS,"Write a structured answer:
Definition → Working → Example → Use-case","Identify the main concept in: 'In designing a new feature for QuickBooks, how would you handle versioning of APIs, especially for backward compatibilit'. What problem does it solve?","Answer in 3 parts: definition, working, and example."
How would you leverage AWS services to deploy a highly available microservices architecture for a financial product like Credit Karma?,Software Engineer,Software Engineer,Intuit,2024,General CS,"Write a structured answer:
Definition → Working → Example → Use-case",Identify the main concept in: 'How would you leverage AWS services to deploy a highly available microservices architecture for a financial product like'. What problem does it solve?,"Answer in 3 parts: definition, working, and example."
Describe your approach to testing and quality assurance for a financial software product. What metrics would you prioritize?,Software Engineer,Software Engineer,Intuit,2024,General CS,"Write a structured answer:
Definition → Working → Example → Use-case",Identify the main concept in: 'Describe your approach to testing and quality assurance for a financial software product. What metrics would you priorit'. What problem does it solve?,"Answer in 3 parts: definition, working, and example."
"What techniques would you employ to ensure scalability of your application infrastructure during the tax season, specifically during high transaction volumes?",Software Engineer,Software Engineer,Intuit,2024,DBMS,"Write a structured answer:
Definition → Working → Example → Use-case","Identify the main concept in: 'What techniques would you employ to ensure scalability of your application infrastructure during the tax season, specifi'. What problem does it solve?","Answer in 3 parts: definition, working, and example."
Discuss the strategies you would implement to ensure data security and privacy when handling sensitive financial information in applications like QuickBooks.,Software Engineer,Software Engineer,Intuit,2024,General CS,"Write a structured answer:
Definition → Working → Example → Use-case",Identify the main concept in: 'Discuss the strategies you would implement to ensure data security and privacy when handling sensitive financial informa'. What problem does it solve?,"Answer in 3 parts: definition, working, and example."
"What microservices architecture would you recommend for a personal finance application like Mint, and how would you manage inter-service communication?",Software Engineer,Software Engineer,Intuit,2024,General CS,"Write a structured answer:
Definition → Working → Example → Use-case","Identify the main concept in: 'What microservices architecture would you recommend for a personal finance application like Mint, and how would you mana'. What problem does it solve?","Answer in 3 parts: definition, working, and example."
"How would you design an API for a financial application like TurboTax that integrates with external services, ensuring both performance and security?",Software Engineer,Software Engineer,Intuit,2024,General CS,"Write a structured answer:
Definition → Working → Example → Use-case","Identify the main concept in: 'How would you design an API for a financial application like TurboTax that integrates with external services, ensuring b'. What problem does it solve?","Answer in 3 parts: definition, working, and example."
Design a system for a tax preparation software that can handle millions of users during peak tax season. What architecture would you choose and why?,Software Engineer,Software Engineer,Intuit,2024,General CS,"Write a structured answer:
Definition → Working → Example → Use-case",Identify the main concept in: 'Design a system for a tax preparation software that can handle millions of users during peak tax season. What architectu'. What problem does it solve?,"Answer in 3 parts: definition, working, and example."
What role does exploratory data analysis (EDA) play in a data science project?,Data Scientist Intern,Data Scientist Intern,Meta,2024,General CS,"Write a structured answer:
Definition → Working → Example → Use-case",Identify the main concept in: 'What role does exploratory data analysis (EDA) play in a data science project?'. What problem does it solve?,"Answer in 3 parts: definition, working, and example."
Can you explain the concept of feature selection and its importance in building a predictive model?,Data Scientist Intern,Data Scientist Intern,Meta,2024,General CS,"Write a structured answer:
Definition → Working → Example → Use-case",Identify the main concept in: 'Can you explain the concept of feature selection and its importance in building a predictive model?'. What problem does it solve?,"Answer in 3 parts: definition, working, and example."
"What is a neural network, and how does it differ from traditional machine learning models?",Data Scientist Intern,Data Scientist Intern,Meta,2024,Computer Networks,"This is a networking concept enabling communication between computers over a network using standardized protocols.
It ensures reliable data transmission and addressing between devices.","Identify the main concept in: 'What is a neural network, and how does it differ from traditional machine learning models?'. What problem does it solve?","Answer in 3 parts: definition, working, and example."
How do you effectively visualize data to communicate insights? Can you mention some common visualization tools?,Data Scientist Intern,Data Scientist Intern,Meta,2024,General CS,"Write a structured answer:
Definition → Working → Example → Use-case",Identify the main concept in: 'How do you effectively visualize data to communicate insights? Can you mention some common visualization tools?'. What problem does it solve?,"Answer in 3 parts: definition, working, and example."
What are some key product metrics that you would track for a social media platform?,Data Scientist Intern,Data Scientist Intern,Meta,2024,General CS,"Write a structured answer:
Definition → Working → Example → Use-case",Identify the main concept in: 'What are some key product metrics that you would track for a social media platform?'. What problem does it solve?,"Answer in 3 parts: definition, working, and example."
"What is causal inference, and why is it important in data analysis?",Data Scientist Intern,Data Scientist Intern,Meta,2024,General CS,"Causal inference, and why is it important in data analysis is a fundamental concept in computer science explaining how a component or system works.
Include definition, working and example for full marks.","Identify the main concept in: 'What is causal inference, and why is it important in data analysis?'. What problem does it solve?","Answer in 3 parts: definition, working, and example."
Describe an experiment design you would use to test a new feature on a product. What key elements would you consider?,Data Scientist Intern,Data Scientist Intern,Meta,2024,General CS,"Write a structured answer:
Definition → Working → Example → Use-case",Identify the main concept in: 'Describe an experiment design you would use to test a new feature on a product. What key elements would you consider?'. What problem does it solve?,"Answer in 3 parts: definition, working, and example."
What are the differences between inner join and outer join in SQL?,Data Scientist Intern,Data Scientist Intern,Meta,2024,DBMS,"Write a structured answer:
Definition → Working → Example → Use-case",Identify the main concept in: 'What are the differences between inner join and outer join in SQL?'. What problem does it solve?,"Answer in 3 parts: definition, working, and example."
How would you use Python to load and analyze a dataset? Please describe the general workflow.,Data Scientist Intern,Data Scientist Intern,Meta,2024,General CS,"Write a structured answer:
Definition → Working → Example → Use-case",Identify the main concept in: 'How would you use Python to load and analyze a dataset? Please describe the general workflow.'. What problem does it solve?,"Answer in 3 parts: definition, working, and example."
"What is clustering, and what are some common algorithms used for it?",Data Scientist Intern,Data Scientist Intern,Meta,2024,General CS,"Clustering, and what are some common algorithms used for it is a fundamental concept in computer science explaining how a component or system works.
Include definition, working and example for full marks.","Identify the main concept in: 'What is clustering, and what are some common algorithms used for it?'. What problem does it solve?","Answer in 3 parts: definition, working, and example."
"What is overfitting in machine learning, and how can you prevent it?",Data Scientist Intern,Data Scientist Intern,Meta,2024,General CS,"Overfitting in machine learning, and how can you prevent it is a fundamental concept in computer science explaining how a component or system works.
Include definition, working and example for full marks.","Identify the main concept in: 'What is overfitting in machine learning, and how can you prevent it?'. What problem does it solve?","Answer in 3 parts: definition, working, and example."
Explain the difference between regression and classification. Can you give an example of each?,Data Scientist Intern,Data Scientist Intern,Meta,2024,General CS,"Key Differences:
• Definition and purpose differ
• Usage scenarios are different
• Performance/behavior varies
Provide one example for each.",Identify the main concept in: 'Explain the difference between regression and classification. Can you give an example of each?'. What problem does it solve?,"Answer in 3 parts: definition, working, and example."
"What is a confidence interval, and how does it differ from a point estimate?",Data Scientist Intern,Data Scientist Intern,Meta,2024,General CS,"A confidence interval, and how does it differ from a point estimate is a fundamental concept in computer science explaining how a component or system works.
Include definition, working and example for full marks.","Identify the main concept in: 'What is a confidence interval, and how does it differ from a point estimate?'. What problem does it solve?","Answer in 3 parts: definition, working, and example."
Describe the process of conducting an A/B test. What metrics would you use to determine if the test was successful?,Data Scientist Intern,Data Scientist Intern,Meta,2024,Operating System,"Write a structured answer:
Definition → Working → Example → Use-case",Identify the main concept in: 'Describe the process of conducting an A/B test. What metrics would you use to determine if the test was successful?'. What problem does it solve?,"Answer in 3 parts: definition, working, and example."
"What is the purpose of hypothesis testing, and how do you interpret a p-value?",Data Scientist Intern,Data Scientist Intern,Meta,2024,General CS,"The purpose of hypothesis testing, and how do you interpret a p-value is a fundamental concept in computer science explaining how a component or system works.
Include definition, working and example for full marks.","Identify the main concept in: 'What is the purpose of hypothesis testing, and how do you interpret a p-value?'. What problem does it solve?","Answer in 3 parts: definition, working, and example."
Describe a time when you improved a system's performance or scalability through a specific architectural change.,Performance & Capacity Engineer,Performance & Capacity Engineer,Meta,2024,General CS,"Write a structured answer:
Definition → Working → Example → Use-case",Identify the main concept in: 'Describe a time when you improved a system's performance or scalability through a specific architectural change.'. What problem does it solve?,"Answer in 3 parts: definition, working, and example."
What are some best practices you follow to ensure robust performance testing before deploying new features?,Performance & Capacity Engineer,Performance & Capacity Engineer,Meta,2024,General CS,"Write a structured answer:
Definition → Working → Example → Use-case",Identify the main concept in: 'What are some best practices you follow to ensure robust performance testing before deploying new features?'. What problem does it solve?,"Answer in 3 parts: definition, working, and example."
How do you ensure effective communication between distributed services? What protocols and patterns do you recommend?,Performance & Capacity Engineer,Performance & Capacity Engineer,Meta,2024,Computer Networks,"This is a networking concept enabling communication between computers over a network using standardized protocols.
It ensures reliable data transmission and addressing between devices.",Identify the main concept in: 'How do you ensure effective communication between distributed services? What protocols and patterns do you recommend?'. What problem does it solve?,"Answer in 3 parts: definition, working, and example."
Discuss the role of caching in performance optimization. What considerations would you take into account while implementing a caching strategy?,Performance & Capacity Engineer,Performance & Capacity Engineer,Meta,2024,General CS,"Write a structured answer:
Definition → Working → Example → Use-case",Identify the main concept in: 'Discuss the role of caching in performance optimization. What considerations would you take into account while implement'. What problem does it solve?,"Answer in 3 parts: definition, working, and example."
How would you analyze and mitigate the cost of infrastructure as the service scales? What cost factors are most important?,Performance & Capacity Engineer,Performance & Capacity Engineer,Meta,2024,General CS,"Write a structured answer:
Definition → Working → Example → Use-case",Identify the main concept in: 'How would you analyze and mitigate the cost of infrastructure as the service scales? What cost factors are most importan'. What problem does it solve?,"Answer in 3 parts: definition, working, and example."
Can you discuss your experience with networking protocols in the context of performance optimization?,Performance & Capacity Engineer,Performance & Capacity Engineer,Meta,2024,Computer Networks,"This is a networking concept enabling communication between computers over a network using standardized protocols.
It ensures reliable data transmission and addressing between devices.",Identify the main concept in: 'Can you discuss your experience with networking protocols in the context of performance optimization?'. What problem does it solve?,"Answer in 3 parts: definition, working, and example."
What approaches would you take to ensure availability in a system designed for millions of concurrent users?,Performance & Capacity Engineer,Performance & Capacity Engineer,Meta,2024,General CS,"Write a structured answer:
Definition → Working → Example → Use-case",Identify the main concept in: 'What approaches would you take to ensure availability in a system designed for millions of concurrent users?'. What problem does it solve?,"Answer in 3 parts: definition, working, and example."
"Explain the difference between throughput and latency. How do they interact, and why is it important to monitor both?",Performance & Capacity Engineer,Performance & Capacity Engineer,Meta,2024,General CS,"Key Differences:
• Definition and purpose differ
• Usage scenarios are different
• Performance/behavior varies
Provide one example for each.","Identify the main concept in: 'Explain the difference between throughput and latency. How do they interact, and why is it important to monitor both?'. What problem does it solve?","Answer in 3 parts: definition, working, and example."
Describe a specific instance when you had to scale a service in response to an unexpected traffic surge. What considerations did you make?,Performance & Capacity Engineer,Performance & Capacity Engineer,Meta,2024,General CS,"Write a structured answer:
Definition → Working → Example → Use-case",Identify the main concept in: 'Describe a specific instance when you had to scale a service in response to an unexpected traffic surge. What considerat'. What problem does it solve?,"Answer in 3 parts: definition, working, and example."
What techniques would you use to optimize resource allocation in a cloud infrastructure accommodating billions of users?,Performance & Capacity Engineer,Performance & Capacity Engineer,Meta,2024,General CS,"Write a structured answer:
Definition → Working → Example → Use-case",Identify the main concept in: 'What techniques would you use to optimize resource allocation in a cloud infrastructure accommodating billions of users?'. What problem does it solve?,"Answer in 3 parts: definition, working, and example."
How do you measure the impact of latency on user experience in a massive scale environment? What approaches would you take to minimize it?,Performance & Capacity Engineer,Performance & Capacity Engineer,Meta,2024,General CS,"Write a structured answer:
Definition → Working → Example → Use-case",Identify the main concept in: 'How do you measure the impact of latency on user experience in a massive scale environment? What approaches would you ta'. What problem does it solve?,"Answer in 3 parts: definition, working, and example."
Discuss your experience with performance monitoring tools like Prometheus and Grafana. How have you used them to improve system performance?,Performance & Capacity Engineer,Performance & Capacity Engineer,Meta,2024,General CS,"Write a structured answer:
Definition → Working → Example → Use-case",Identify the main concept in: 'Discuss your experience with performance monitoring tools like Prometheus and Grafana. How have you used them to improve'. What problem does it solve?,"Answer in 3 parts: definition, working, and example."
How would you debug a performance bottleneck in a production environment? What steps would you take to identify the root cause?,Performance & Capacity Engineer,Performance & Capacity Engineer,Meta,2024,General CS,"Write a structured answer:
Definition → Working → Example → Use-case",Identify the main concept in: 'How would you debug a performance bottleneck in a production environment? What steps would you take to identify the root'. What problem does it solve?,"Answer in 3 parts: definition, working, and example."
Can you explain the key challenges of managing performance in distributed systems? How can these challenges be overcome?,Performance & Capacity Engineer,Performance & Capacity Engineer,Meta,2024,General CS,"Write a structured answer:
Definition → Working → Example → Use-case",Identify the main concept in: 'Can you explain the key challenges of managing performance in distributed systems? How can these challenges be overcome?'. What problem does it solve?,"Answer in 3 parts: definition, working, and example."
Describe the role of Linux in system performance optimization. What specific Linux tools or commands do you use for profiling?,Performance & Capacity Engineer,Performance & Capacity Engineer,Meta,2024,General CS,"Write a structured answer:
Definition → Working → Example → Use-case",Identify the main concept in: 'Describe the role of Linux in system performance optimization. What specific Linux tools or commands do you use for prof'. What problem does it solve?,"Answer in 3 parts: definition, working, and example."
What performance metrics do you find most critical when monitoring large-scale applications? How would you implement monitoring for those metrics?,Performance & Capacity Engineer,Performance & Capacity Engineer,Meta,2024,General CS,"Write a structured answer:
Definition → Working → Example → Use-case",Identify the main concept in: 'What performance metrics do you find most critical when monitoring large-scale applications? How would you implement mon'. What problem does it solve?,"Answer in 3 parts: definition, working, and example."
Discuss the importance of load balancing. How would you design a load-balancing solution to manage traffic efficiently?,Performance & Capacity Engineer,Performance & Capacity Engineer,Meta,2024,General CS,"Write a structured answer:
Definition → Working → Example → Use-case",Identify the main concept in: 'Discuss the importance of load balancing. How would you design a load-balancing solution to manage traffic efficiently?'. What problem does it solve?,"Answer in 3 parts: definition, working, and example."
What strategies would you employ to ensure infrastructure scalability in a data center that supports a growing user base?,Performance & Capacity Engineer,Performance & Capacity Engineer,Meta,2024,General CS,"Write a structured answer:
Definition → Working → Example → Use-case",Identify the main concept in: 'What strategies would you employ to ensure infrastructure scalability in a data center that supports a growing user base'. What problem does it solve?,"Answer in 3 parts: definition, working, and example."
Explain how you would approach capacity planning for a new service expected to handle millions of users. What factors would you consider?,Performance & Capacity Engineer,Performance & Capacity Engineer,Meta,2024,General CS,"Write a structured answer:
Definition → Working → Example → Use-case",Identify the main concept in: 'Explain how you would approach capacity planning for a new service expected to handle millions of users. What factors wo'. What problem does it solve?,"Answer in 3 parts: definition, working, and example."
Describe a time when you had to optimize the performance of a system. What metrics did you use and what tools were involved?,Performance & Capacity Engineer,Performance & Capacity Engineer,Meta,2024,General CS,"Write a structured answer:
Definition → Working → Example → Use-case",Identify the main concept in: 'Describe a time when you had to optimize the performance of a system. What metrics did you use and what tools were invol'. What problem does it solve?,"Answer in 3 parts: definition, working, and example."
How do you manage cross-channel marketing campaigns while ensuring brand consistency?,Performance Marketing Manager,Senior Performance Marketing Manager,Ogilvy,2024,General CS,"Write a structured answer:
Definition → Working → Example → Use-case",Identify the main concept in: 'How do you manage cross-channel marketing campaigns while ensuring brand consistency?'. What problem does it solve?,"Answer in 3 parts: definition, working, and example."
Can you explain the basics of how to set up retargeting campaigns on Google Ads?,AdTech Specialist,Junior AdTech Specialist,Ogilvy,2024,General CS,"Write a structured answer:
Definition → Working → Example → Use-case",Identify the main concept in: 'Can you explain the basics of how to set up retargeting campaigns on Google Ads?'. What problem does it solve?,"Answer in 3 parts: definition, working, and example."
"What tools do you use for competitive analysis in digital marketing, and how do they inform your strategies?",Digital Marketing Specialist,Mid-level Digital Marketing Specialist,Ogilvy,2024,General CS,"Write a structured answer:
Definition → Working → Example → Use-case","Identify the main concept in: 'What tools do you use for competitive analysis in digital marketing, and how do they inform your strategies?'. What problem does it solve?","Answer in 3 parts: definition, working, and example."
Describe the process of optimizing user experience for landing pages from an SEO perspective.,Digital Marketing Specialist,Senior Digital Marketing Specialist,Ogilvy,2024,Operating System,"Write a structured answer:
Definition → Working → Example → Use-case",Identify the main concept in: 'Describe the process of optimizing user experience for landing pages from an SEO perspective.'. What problem does it solve?,"Answer in 3 parts: definition, working, and example."
How would you use data segmentation to improve the targeting of a PPC campaign?,Data Analyst,Mid-level Data Analyst,Ogilvy,2024,Operating System,"Write a structured answer:
Definition → Working → Example → Use-case",Identify the main concept in: 'How would you use data segmentation to improve the targeting of a PPC campaign?'. What problem does it solve?,"Answer in 3 parts: definition, working, and example."
What are the most effective ways to use After Effects in creating engaging advertisements?,Creative Technologist,Junior Creative Technologist,Ogilvy,2024,General CS,"Write a structured answer:
Definition → Working → Example → Use-case",Identify the main concept in: 'What are the most effective ways to use After Effects in creating engaging advertisements?'. What problem does it solve?,"Answer in 3 parts: definition, working, and example."
How do you track and measure conversion rates effectively on e-commerce platforms?,Performance Marketing Manager,Junior Performance Marketing Manager,Ogilvy,2024,General CS,"Write a structured answer:
Definition → Working → Example → Use-case",Identify the main concept in: 'How do you track and measure conversion rates effectively on e-commerce platforms?'. What problem does it solve?,"Answer in 3 parts: definition, working, and example."
What steps would you take to implement basic HTML/CSS adjustments on a CMS platform?,Web Technologies Specialist,Junior Web Technologies Specialist,Ogilvy,2024,General CS,"Write a structured answer:
Definition → Working → Example → Use-case",Identify the main concept in: 'What steps would you take to implement basic HTML/CSS adjustments on a CMS platform?'. What problem does it solve?,"Answer in 3 parts: definition, working, and example."
How can you ensure compliance with privacy regulations while managing email marketing campaigns?,Marketing Automation Specialist,Mid-level Marketing Automation Specialist,Ogilvy,2024,General CS,"Write a structured answer:
Definition → Working → Example → Use-case",Identify the main concept in: 'How can you ensure compliance with privacy regulations while managing email marketing campaigns?'. What problem does it solve?,"Answer in 3 parts: definition, working, and example."
Explain the use of SQL in analyzing customer data for targeted marketing initiatives.,Data Analyst,Senior Data Analyst,Ogilvy,2024,DBMS,"Write a structured answer:
Definition → Working → Example → Use-case",Identify the main concept in: 'Explain the use of SQL in analyzing customer data for targeted marketing initiatives.'. What problem does it solve?,"Answer in 3 parts: definition, working, and example."
Can you describe how you would use Figma to collaborate on a creative campaign design?,Creative Technologist,Mid-level Creative Technologist,Ogilvy,2023,General CS,"Write a structured answer:
Definition → Working → Example → Use-case",Identify the main concept in: 'Can you describe how you would use Figma to collaborate on a creative campaign design?'. What problem does it solve?,"Answer in 3 parts: definition, working, and example."
What is the importance of marketing attribution models and how do you implement them in a multi-channel strategy?,Performance Marketing Manager,Senior Performance Marketing Manager,Ogilvy,2024,General CS,"The importance of marketing attribution models and how do you implement them in a multi-channel strategy is a fundamental concept in computer science explaining how a component or system works.
Include definition, working and example for full marks.",Identify the main concept in: 'What is the importance of marketing attribution models and how do you implement them in a multi-channel strategy?'. What problem does it solve?,"Answer in 3 parts: definition, working, and example."
How do social media algorithms affect ad placements and how can you adjust strategies accordingly?,Digital Marketing Specialist,Junior Digital Marketing Specialist,Ogilvy,2024,General CS,"Write a structured answer:
Definition → Working → Example → Use-case",Identify the main concept in: 'How do social media algorithms affect ad placements and how can you adjust strategies accordingly?'. What problem does it solve?,"Answer in 3 parts: definition, working, and example."
What strategies can you use to optimize mobile ad campaigns in Meta Ads Manager?,Media Buyer,Mid-level Media Buyer,Ogilvy,2024,General CS,"Write a structured answer:
Definition → Working → Example → Use-case",Identify the main concept in: 'What strategies can you use to optimize mobile ad campaigns in Meta Ads Manager?'. What problem does it solve?,"Answer in 3 parts: definition, working, and example."
Explain the role of tag management systems and how you would implement one for a client's website.,Web Technologies Specialist,Mid-level Web Technologies Specialist,Ogilvy,2024,General CS,"Write a structured answer:
Definition → Working → Example → Use-case",Identify the main concept in: 'Explain the role of tag management systems and how you would implement one for a client's website.'. What problem does it solve?,"Answer in 3 parts: definition, working, and example."
